pid,player,pos,prev_team,age,proj_ppr,prev_ppr,prev_ppg,prev_g,prev_rk,vbd,vbd_rk,tier,pos_rk
P1383,CeeDee Lamb,WR,DAL,27,260.7,200.9,14.35,14,66,106.6,1,1,1
P1258,Josh Allen,QB,BUF,30,346.5,364.6,21.45,17,5,105.0,2,1,1
P1432,Amon-Ra St. Brown,WR,DET,27,253.9,324.0,19.06,17,11,99.8,3,1,2
P1538,Puka Nacua,WR,LAR,25,248.6,375.0,23.44,16,2,94.5,4,1,3
P1607,Chase Brown,RB,CIN,26,237.8,282.6,16.62,17,24,93.7,5,1,1
P1655,Harold Fannin,TE,CLE,22,225.2,186.4,11.65,16,76,93.3,6,1,1
P1559,Jaxon Smith-Njigba,WR,SEA,24,245.2,359.9,21.17,17,7,91.1,7,1,4
P1543,Jahmyr Gibbs,RB,DET,24,233.8,366.9,21.58,17,4,89.7,8,1,2
P1551,De'Von Achane,RB,MIA,25,232.8,322.8,20.18,16,12,88.7,9,1,3
P1534,Trey McBride,TE,ARI,27,220.3,315.9,18.58,17,14,88.4,10,1,2
P1381,Jonathan Taylor,RB,IND,27,231.4,362.3,21.31,17,6,87.3,11,1,4
P1541,Kyren Williams,RB,LAR,26,219.4,263.3,15.49,17,28,75.3,12,1,5
P1489,Drake London,WR,ATL,25,226.0,201.9,16.82,12,63,71.9,13,2,5
P1490,George Pickens,WR,DAL,25,221.4,291.9,17.17,17,21,67.3,14,2,6
P1429,Ja'Marr Chase,WR,CIN,26,219.8,313.6,19.6,16,16,65.7,15,2,7
P1608,Caleb Williams,QB,CHI,25,303.4,318.7,18.75,17,13,61.9,16,2,2
P1488,Chris Olave,WR,NOR,26,207.0,268.0,16.75,16,27,52.9,17,2,8
P1614,Drake Maye,QB,NWE,24,293.2,352.0,20.71,17,8,51.7,18,2,3
P1326,Josh Jacobs,RB,GNB,28,195.6,237.1,15.81,15,34,51.5,19,2,6
P1471,Nico Collins,WR,HOU,27,203.9,226.2,15.08,15,42,49.8,20,2,9
P1647,Ashton Jeanty,RB,LVR,23,193.4,245.1,14.42,17,30,49.3,21,2,7
P1501,Breece Hall,RB,NYJ,25,189.8,207.7,12.98,16,59,45.7,22,2,8
P1603,Bo Nix,QB,DEN,26,286.5,304.8,17.93,17,17,45.0,23,2,4
P1657,Colston Loveland,TE,CHI,22,175.1,165.1,10.32,16,100,43.2,24,2,3
P1549,Zay Flowers,WR,BAL,26,197.0,243.3,14.31,17,31,42.9,25,2,10
P1193,Jared Goff,QB,DET,32,283.3,297.1,17.48,17,20,41.8,26,2,5
P1323,A.J. Brown,WR,PHI,29,194.0,220.3,14.69,15,46,39.9,27,2,11
P1542,Bijan Robinson,RB,ATL,24,181.5,370.8,21.81,17,3,37.4,28,2,9
P1606,Brock Bowers,TE,LVR,24,169.0,176.2,14.68,12,90,37.1,29,2,4
P1653,Tyler Warren,TE,IND,24,168.3,188.5,11.09,17,71,36.4,30,2,5
P1254,Saquon Barkley,RB,PHI,29,176.2,232.3,14.52,16,37,32.1,31,2,10
P1486,Travis Etienne,RB,JAX,27,175.3,253.9,14.94,17,29,31.2,32,2,11
P1380,Justin Jefferson,WR,MIN,27,185.2,201.5,11.85,17,65,31.1,33,2,12
P1649,Tetairoa McMillan,WR,CAR,23,183.5,211.4,12.44,17,55,29.4,34,2,13
P1271,Courtland Sutton,WR,DEN,31,183.4,219.7,12.92,17,48,29.3,35,2,14
P1438,DeVonta Smith,WR,PHI,28,183.0,201.8,11.87,17,64,28.9,36,2,15
P1379,Justin Herbert,QB,LAC,28,270.1,286.9,17.93,16,22,28.6,37,2,6
P1610,Ladd McConkey,WR,LAC,25,181.2,180.9,11.31,16,83,27.1,38,2,16
P1561,Wan'Dale Robinson,WR,NYG,25,180.5,217.9,13.62,16,50,26.4,39,2,17
P1507,James Cook,RB,BUF,27,170.4,302.2,17.78,17,18,26.3,40,2,12
P1648,Jaxson Dart,QB,NYG,23,263.7,241.6,17.26,14,33,22.2,41,2,7
P1088,Stefon Diggs,WR,NWE,33,171.6,210.3,12.37,17,57,17.5,42,2,18
P1604,Brian Thomas,WR,JAX,24,171.6,138.8,9.91,14,117,17.5,43,2,19
P1195,Christian McCaffrey,RB,SFO,30,161.3,416.6,24.51,17,1,17.2,44,2,13
P1544,Sam LaPorta,TE,DET,25,148.0,106.9,11.88,9,165,16.1,45,3,6
P1409,Michael Pittman Jr.,WR,IND,29,169.5,202.4,11.91,17,62,15.4,46,2,20
P1435,Javonte Williams,RB,DAL,26,159.2,242.8,15.18,16,32,15.1,47,2,14
P1253,Patrick Mahomes,QB,KAN,31,256.5,285.7,20.41,14,23,15.0,48,2,8
P1431,Jaylen Waddle,WR,MIA,28,168.3,194.1,12.13,16,68,14.2,49,2,21
P1576,Rico Dowdle,RB,CAR,28,157.6,216.3,12.72,17,52,13.5,50,2,15
P1386,Tee Higgins,WR,CIN,27,165.4,211.6,14.11,15,54,11.3,51,2,22
P1439,Kyle Pitts,TE,ATL,26,140.0,210.8,12.4,17,56,8.1,52,3,7
P1568,Zach Charbonnet,RB,SEA,25,152.2,181.4,11.34,16,82,8.1,53,2,16
P1162,Derrick Henry,RB,BAL,32,151.8,279.5,16.44,17,25,7.7,54,2,17
P1628,Parker Washington,WR,JAX,24,160.9,184.7,11.54,16,79,6.8,55,2,23
P1651,TreVeyon Henderson,RB,NWE,24,149.6,206.2,12.13,17,61,5.5,56,2,18
P1328,D.K. Metcalf,WR,PIT,29,158.6,187.2,12.48,15,74,4.5,57,2,24
P1436,Trevor Lawrence,QB,JAX,27,246.0,338.2,19.89,17,10,4.5,58,2,9
P1039,Davante Adams,WR,LAR,34,158.3,222.9,15.92,14,43,4.2,59,2,25
P1499,Juwan Johnson,TE,NOR,30,135.8,179.9,10.58,17,84,3.9,60,3,8
P1291,Dallas Goedert,TE,PHI,31,135.7,185.1,12.34,15,78,3.8,61,3,9
P1387,D'Andre Swift,RB,CHI,27,147.8,228.6,14.29,16,38,3.7,62,2,19
P1579,Jameson Williams,WR,DET,25,157.8,219.9,12.94,17,47,3.7,63,2,26
P1373,Jakobi Meyers,WR,2TM,30,157.6,175.8,10.99,16,91,3.5,64,2,27
P1652,Emeka Egbuka,WR,TAM,24,156.8,195.7,11.51,17,67,2.7,65,2,28
P1545,Jordan Addison,WR,MIN,24,155.1,135.1,9.65,14,122,1.0,66,2,29
P1506,Brock Purdy,QB,SFO,27,241.5,177.4,19.71,9,88,0.0,67,2,10
P1547,Rashee Rice,WR,KAN,26,154.1,150.1,18.76,8,108,0.0,68,2,30
P1553,Jake Ferguson,TE,DAL,27,131.9,188.1,11.06,17,73,0.0,69,3,10
P1609,Bucky Irving,RB,TAM,24,144.1,138.5,13.85,10,118,0.0,70,2,20
P1353,Tony Pollard,RB,TEN,29,143.4,185.8,10.93,17,77,-0.7,71,2,21
P1325,Terry McLaurin,WR,WAS,31,153.3,114.2,11.42,10,157,-0.8,72,2,31
P1266,D.J. Moore,WR,CHI,29,153.2,170.2,10.01,17,95,-0.9,73,2,32
P1650,RJ Harvey,RB,DEN,25,143.2,206.6,12.15,17,60,-0.9,74,2,22
P1399,Dalton Schultz,TE,HOU,30,130.6,177.7,10.45,17,87,-1.3,75,3,11
P1392,Joe Burrow,QB,CIN,30,240.0,134.5,16.81,8,123,-1.5,76,2,11
P1558,Dalton Kincaid,TE,BUF,27,129.5,126.1,10.51,12,137,-2.4,77,3,12
P1663,Oronde Gadsden II,TE,LAC,23,128.8,131.4,8.76,15,125,-3.1,78,3,13
P1405,Jalen Hurts,QB,PHI,28,237.6,299.1,18.69,16,19,-3.9,79,2,12
P1582,Tucker Kraft,TE,GNB,26,125.8,117.2,14.65,8,151,-6.1,80,3,14
P1016,Travis Kelce,TE,KAN,37,124.5,193.2,11.36,17,69,-7.4,81,3,15
P1330,David Montgomery,RB,DET,29,136.7,166.9,9.82,17,97,-7.4,82,2,23
P1487,Kenneth Walker III,RB,SEA,26,134.9,191.9,11.29,17,70,-9.2,83,2,24
P1513,Jaylen Warren,RB,PIT,28,134.4,217.1,13.57,16,51,-9.7,84,2,25
P1485,Garrett Wilson,WR,NYJ,26,144.2,99.5,14.21,7,173,-9.9,85,2,33
P1505,Alec Pierce,WR,IND,26,142.7,183.3,12.22,15,80,-11.4,86,2,34
P1611,Marvin Harrison Jr.,WR,ARI,24,140.6,127.8,10.65,12,132,-13.5,87,2,35
P1680,Mason Taylor,TE,NYJ,22,117.7,88.9,6.84,13,191,-14.2,88,3,16
P1215,George Kittle,TE,SFO,33,116.7,161.5,14.68,11,102,-15.2,89,3,17
P1564,Michael Wilson,WR,ARI,26,138.8,220.6,12.98,17,45,-15.3,90,2,36
P1660,Kyle Monangai,RB,CHI,24,128.3,146.7,8.63,17,111,-15.8,91,2,26
P1615,Rome Odunze,WR,CHI,24,137.5,146.1,12.18,12,112,-16.6,92,2,37
P1565,Khalil Shakir,WR,BUF,26,135.8,166.4,10.4,16,98,-18.3,93,2,38
P1327,Deebo Samuel,WR,WAS,30,134.8,188.2,11.76,16,72,-19.3,94,2,39
P1155,Hunter Henry,TE,NWE,32,111.1,178.8,10.52,17,85,-20.8,95,3,18
P1555,Josh Downs,WR,IND,25,131.8,136.4,8.52,16,120,-22.3,96,2,40
P1639,Theo Johnson,TE,NYG,25,109.4,127.8,8.52,15,133,-22.5,97,3,19
P1642,Troy Franklin,WR,DEN,23,131.1,177.1,10.42,17,89,-23.0,98,2,41
P1666,Cam Skattebo,RB,NYG,24,120.6,127.7,15.96,8,134,-23.5,99,2,27
P1636,AJ Barner,TE,SEA,24,107.7,147.3,8.66,17,109,-24.2,100,3,20
P1514,Cade Otton,TE,TAM,27,107.5,122.2,7.64,16,145,-24.4,101,3,21
P1683,Dylan Sampson,RB,CLE,22,119.5,87.6,5.84,15,197,-24.6,102,2,28
P1508,Romeo Doubs,WR,GNB,26,127.6,165.4,10.34,16,99,-26.5,103,2,42
P1656,Quinshon Judkins,RB,CLE,23,116.6,169.8,12.13,14,96,-27.5,104,2,29
P1256,Baker Mayfield,QB,TAM,31,213.2,271.9,15.99,17,26,-28.3,105,3,13
P1602,Jayden Daniels,QB,WAS,26,213.1,114.3,16.33,7,156,-28.4,106,3,14
P1475,Jauan Jennings,WR,SFO,29,125.4,173.3,11.55,15,93,-28.7,107,2,43
P1633,Brenton Strange,TE,JAX,26,103.0,118.0,9.83,12,149,-28.9,108,3,22
P1492,Christian Watson,WR,GNB,27,123.0,132.4,13.24,10,124,-31.1,109,2,44
P1265,Lamar Jackson,QB,BAL,29,209.8,214.9,16.53,13,53,-31.7,110,3,15
P1574,Quentin Johnston,WR,LAC,25,121.8,171.2,12.23,14,94,-32.3,111,2,45
P0955,Keenan Allen,WR,LAC,34,121.3,182.7,10.75,17,81,-32.8,112,2,46
P1458,Rhamondre Stevenson,RB,NWE,28,111.0,178.8,12.77,14,86,-33.1,113,2,30
P1455,Kenneth Gainwell,RB,PIT,27,108.7,221.3,13.02,17,44,-35.4,114,2,31
P1511,Chig Okonkwo,TE,TEN,27,96.5,124.0,7.29,17,142,-35.4,115,3,23
P1665,Luther Burden,WR,CHI,23,118.7,127.9,8.53,15,131,-35.4,116,2,47
P1613,Tyrone Tracy Jr.,RB,NYG,27,108.6,160.8,10.72,15,103,-35.5,117,2,32
P1612,Xavier Worthy,WR,KAN,23,117.9,109.9,7.85,14,163,-36.2,118,2,48
P1447,Pat Freiermuth,TE,PIT,28,94.8,113.6,6.68,17,159,-37.1,119,3,24
P1134,Dak Prescott,QB,DAL,33,201.2,313.8,18.46,17,15,-40.3,120,3,16
P1661,Jacory Croskey-Merritt,RB,WAS,25,103.7,140.3,8.25,17,116,-40.4,121,2,33
P1497,Rachaad White,RB,TAM,27,103.5,143.0,8.41,17,114,-40.6,122,2,34
P1191,Alvin Kamara,RB,NOR,31,102.1,100.7,9.15,11,170,-42.0,123,2,35
P1624,Keon Coleman,WR,BUF,23,111.3,102.4,7.88,13,169,-42.8,124,2,49
P1263,Sam Darnold,QB,SEA,29,197.8,235.4,13.85,17,35,-43.7,125,3,17
P1509,Rashid Shaheed,WR,2TM,28,107.5,156.6,8.7,18,106,-46.6,126,2,50
P1664,Jayden Higgins,WR,HOU,24,106.7,129.5,7.62,17,129,-47.4,127,2,51
P1588,Tre Tucker,WR,LVR,25,103.6,161.7,9.51,17,101,-50.5,128,2,52
P1619,Kayshon Boutte,WR,NWE,24,103.0,124.1,8.86,14,141,-51.1,129,2,53
P1451,Chuba Hubbard,RB,CAR,27,92.1,125.4,8.36,15,139,-52.0,130,2,36
P1537,Jordan Love,QB,GNB,28,188.1,235.1,15.67,15,36,-53.4,131,3,18
P1192,Kareem Hunt,RB,KAN,31,90.3,145.4,8.55,17,113,-53.8,132,2,37
P1526,Colby Parkinson,TE,LAR,27,76.5,129.8,8.65,15,128,-55.4,133,4,25
P1681,Bhayshul Tuten,RB,JAX,23,87.9,88.6,5.91,15,193,-56.2,134,2,38
P1662,Omarion Hampton,RB,LAC,23,87.6,135.7,15.08,9,121,-56.5,135,2,39
P1324,Daniel Jones,QB,IND,29,182.8,226.4,17.42,13,41,-58.7,136,3,19
P1673,Elic Ayomanor,WR,TEN,23,95.3,116.5,7.28,16,153,-58.8,137,2,54
P1281,Mark Andrews,TE,BAL,31,72.6,131.0,7.71,17,126,-59.3,138,4,26
P1396,Jerry Jeudy,WR,CLE,27,94.4,120.7,7.1,17,146,-59.7,139,2,55
P1679,Gunnar Helm,TE,TEN,24,72.1,91.7,5.73,16,186,-59.8,140,4,27
P1493,Tyler Allgeier,RB,ATL,26,82.8,123.0,7.24,17,143,-61.3,141,2,40
P1671,Kimani Vidal,RB,LAC,25,82.5,117.9,9.07,13,150,-61.6,142,2,41
P1629,Emanuel Wilson,RB,GNB,27,82.4,94.5,5.56,17,179,-61.7,143,2,42
P0981,Zach Ertz,TE,WAS,36,69.6,126.4,9.72,13,135,-62.3,144,4,28
P1557,Tyjae Spears,RB,TEN,25,81.5,111.7,8.59,13,162,-62.6,145,2,43
P1590,Marvin Mims,WR,DEN,24,90.4,93.0,6.2,15,181,-63.7,146,2,56
P1669,Blake Corum,RB,LAR,26,78.8,122.2,7.19,17,144,-65.3,147,2,44
P1689,Isaiah Davis,RB,NYJ,24,78.7,71.2,4.45,16,224,-65.4,148,2,45
P1456,Cole Kmet,TE,CHI,27,64.7,78.7,4.92,16,210,-67.2,149,4,29
P1654,Cam Ward,QB,TEN,24,174.1,186.7,10.98,17,75,-67.4,150,3,20
P0745,Matthew Stafford,QB,LAR,38,173.4,350.4,20.61,17,9,-68.1,151,3,21
P1687,Darnell Washington,TE,PIT,25,63.6,73.4,4.59,16,220,-68.3,152,4,30
P1233,Aaron Jones,RB,MIN,32,75.7,118.7,9.89,12,148,-68.4,153,2,46
P1627,Jalen Nailor,WR,MIN,27,85.0,100.7,5.92,17,171,-69.1,154,2,57
P1623,Jordan Mason,RB,MIN,27,73.6,128.9,8.06,16,130,-70.5,155,2,47
P1567,DeMario Douglas,WR,NWE,26,80.4,95.8,5.64,17,178,-73.7,156,2,58
P1393,J.K. Dobbins,RB,DEN,28,69.6,115.9,11.59,10,155,-74.5,157,2,48
P1355,Dawson Knox,TE,BUF,30,56.9,103.7,6.1,17,166,-75.0,158,4,31
P1563,Dontayvion Wicks,WR,GNB,25,77.9,75.8,5.41,14,214,-76.2,159,2,59
P1677,Tez Johnson,WR,TAM,24,77.3,92.4,5.78,16,183,-76.8,160,2,60
P1691,Matthew Golden,WR,GNB,23,76.5,70.0,5.0,14,229,-77.6,161,2,61
P1539,C.J. Stroud,QB,HOU,25,162.8,208.5,14.89,14,58,-78.7,162,3,22
P1599,KaVontae Turpin,WR,DAL,30,74.8,84.5,5.63,15,205,-79.3,163,2,62
P1632,Jalen Coker,WR,CAR,25,73.8,90.4,8.22,11,188,-80.3,164,2,63
P1682,Adonai Mitchell,WR,2TM,24,72.6,87.9,5.49,16,196,-81.5,165,2,64
P1517,Greg Dulcich,TE,MIA,26,50.2,62.8,6.28,10,244,-81.7,166,4,32
P1008,Mike Evans,WR,TAM,33,71.6,84.8,10.6,8,203,-82.5,167,2,65
P1200,Evan Engram,TE,DEN,32,49.4,102.8,6.42,16,168,-82.5,168,4,33
P1374,Ty Johnson,RB,BUF,29,61.3,100.3,5.9,17,172,-82.8,169,2,49
P1676,Jake Tonges,TE,SFO,27,48.6,93.3,5.49,17,180,-83.3,170,4,34
P1312,Jonnu Smith,TE,PIT,31,47.2,85.2,5.01,17,201,-84.7,171,4,35
P1667,Chimere Dike,WR,TEN,25,68.9,126.1,7.42,17,136,-85.2,172,2,66
P1223,David Njoku,TE,CLE,30,46.3,86.3,7.19,12,199,-85.6,173,4,36
P1196,Jacoby Brissett,QB,ARI,34,155.6,227.4,16.24,14,39,-85.9,174,3,23
P1618,Xavier Legette,WR,CAR,25,67.2,89.3,5.95,15,190,-86.9,175,2,67
P1692,Tre Harris,WR,LAC,24,67.0,69.4,4.08,17,231,-87.1,176,2,68
P1261,Nick Chubb,RB,HOU,31,56.6,88.3,5.89,15,195,-87.5,177,2,50
P1674,Ryan Flournoy,WR,DAL,27,65.8,114.0,7.12,16,158,-88.3,178,2,69
P1354,T.J. Hockenson,TE,MIN,29,43.0,112.8,7.52,15,161,-88.9,179,4,37
P1622,Ray Davis,RB,BUF,27,54.6,64.1,3.77,17,239,-89.5,180,2,51
P1515,Isaiah Likely,TE,BAL,26,41.9,61.7,4.41,14,246,-90.0,181,4,38
P1672,Malik Washington,WR,MIA,25,63.4,116.7,6.86,17,152,-90.7,182,2,70
P1321,Darren Waller,TE,MIA,34,40.8,88.7,9.86,9,192,-91.1,183,4,39
P1498,Isiah Pacheco,RB,KAN,27,50.8,87.3,6.72,13,198,-93.3,184,2,52
P1566,Justice Hill,RB,BAL,29,50.4,65.2,6.52,10,237,-93.7,185,2,53
P1213,Samaje Perine,RB,CIN,31,49.7,77.9,5.19,15,211,-94.4,186,2,54
P1589,Michael Mayer,TE,LVR,25,36.3,73.8,5.68,13,218,-95.6,187,4,40
P1631,Ricky Pearsall,WR,SFO,26,58.3,88.6,9.84,9,194,-95.8,188,2,71
P1341,Noah Fant,TE,CIN,29,35.8,74.8,4.99,15,216,-96.1,189,4,41
P1693,Jaylin Noel,WR,HOU,24,55.9,68.4,4.02,17,233,-98.2,190,2,72
P1336,Marquise Brown,WR,KAN,29,55.7,137.7,8.61,16,119,-98.4,191,2,73
P1697,Davis Allen,TE,LAR,25,33.5,62.8,3.69,17,243,-98.4,192,4,42
P1659,Woody Marks,RB,HOU,26,44.9,151.1,9.44,16,107,-99.2,193,2,55
P1556,Bryce Young,QB,CAR,25,142.2,218.0,13.62,16,49,-99.3,194,3,24
P1686,Pat Bryant,WR,DEN,24,54.7,74.8,4.99,15,217,-99.4,195,2,74
P1620,Andrei Iosivas,WR,CIN,27,54.1,89.9,5.29,17,189,-100.0,196,2,75
P1337,Mike Gesicki,TE,CIN,31,31.5,70.7,5.44,13,226,-100.4,197,4,43
P0671,Aaron Rodgers,QB,PIT,43,140.4,227.1,14.19,16,40,-101.1,198,3,25
P1522,Daniel Bellinger,TE,NYG,26,29.6,59.6,3.72,16,249,-102.3,199,4,44
P1597,Tommy Tremble,TE,CAR,26,29.5,63.9,3.76,17,240,-102.4,200,4,45
P1335,Devin Singletary,RB,NYG,29,41.2,108.8,6.4,17,164,-102.9,201,2,56
P1454,Justin Fields,QB,NYJ,27,138.3,142.7,15.86,9,115,-103.2,202,3,26
P1527,Tyquan Thornton,WR,KAN,26,50.0,80.8,5.77,14,209,-104.1,203,2,76
P1621,Calvin Austin III,WR,PIT,27,49.9,86.2,6.16,14,200,-104.2,204,2,77
P1694,Tory Horton,WR,SEA,24,49.8,65.1,8.14,8,238,-104.3,205,2,78
P1494,Mack Hollins,WR,NWE,33,49.0,113.4,7.56,15,160,-105.1,206,2,79
P1249,Tyler Higbee,TE,LAR,33,26.6,71.1,7.11,10,225,-105.3,207,4,46
P1675,Xavier Hutchinson,WR,HOU,26,48.4,98.0,5.76,17,177,-105.7,208,2,80
P1638,Sean Tucker,RB,TAM,25,38.2,91.4,5.38,17,187,-105.9,209,2,57
P1685,Isaac TeSlaa,WR,DET,24,47.7,75.9,4.46,17,213,-106.4,210,2,81
P1678,Chris Rodriguez,RB,WAS,26,36.6,92.0,7.08,13,185,-107.5,211,2,58
P1444,Michael Carter,RB,ARI,27,36.1,99.0,7.62,13,175,-108.0,212,2,59
P1402,Tua Tagovailoa,QB,MIA,28,133.4,160.7,11.48,14,104,-108.1,213,3,27
P1452,Kalif Raymond,WR,DET,32,45.8,66.8,4.45,15,235,-108.3,214,2,82
P1398,Darnell Mooney,WR,ATL,29,44.6,82.3,5.49,15,207,-109.5,215,2,83
P1698,Devin Neal,RB,NOR,23,33.6,60.0,6.0,10,248,-110.5,216,2,60
P0959,Geno Smith,QB,LVR,36,130.8,173.9,11.59,15,92,-110.7,217,3,28
P1468,Olamide Zaccheaus,WR,CHI,29,43.1,84.8,5.3,16,204,-111.0,218,2,84
P1331,Darius Slayton,WR,NYG,29,42.9,98.8,7.06,14,176,-111.2,219,2,85
P1658,Tyler Shough,QB,NOR,27,129.6,158.0,14.36,11,105,-111.9,220,3,29
P1696,Brashard Smith,RB,KAN,23,31.2,63.3,3.72,17,242,-112.9,221,2,61
P1479,Jeremy McNichols,RB,WAS,31,29.8,72.7,4.28,17,222,-114.3,222,2,62
P1197,JuJu Smith-Schuster,WR,KAN,30,39.2,73.5,4.32,17,219,-114.9,223,2,86
P1198,Cooper Kupp,WR,SEA,33,38.3,116.3,7.27,16,154,-115.8,224,2,87
P1635,Cedric Tillman,WR,CLE,26,37.1,60.0,4.62,13,247,-117.0,225,2,88
P1318,Kyler Murray,QB,ARI,29,124.4,77.8,15.56,5,212,-117.1,226,3,30
P1504,Brian Robinson Jr.,RB,SFO,27,23.2,62.5,3.68,17,245,-120.9,227,2,63
P1695,Travis Hunter,WR,JAX,23,31.8,63.8,9.11,7,241,-122.3,228,2,89
P1670,Michael Penix,QB,ATL,26,118.6,120.3,13.37,9,147,-122.9,229,3,31
P1536,Zonovan Knight,RB,ARI,25,20.0,92.9,7.74,12,182,-124.1,230,2,64
P1626,Devaughn Vele,WR,NOR,29,25.9,66.3,5.1,13,236,-128.2,231,2,90
P1503,Greg Dortch,WR,ARI,28,25.1,75.1,6.26,12,215,-129.0,232,2,91
P1225,Chris Godwin,WR,TAM,30,22.2,83.0,9.22,9,206,-131.9,233,2,92
P1440,Van Jefferson,WR,TEN,30,21.1,70.0,4.38,16,230,-133.0,234,2,93
P1688,John Metchie,WR,2TM,26,17.4,71.9,4.49,16,223,-136.7,235,2,94
P1277,Kendrick Bourne,WR,SFO,31,14.8,92.1,5.76,16,184,-139.3,236,2,95
P0968,DeAndre Hopkins,WR,BAL,34,11.8,67.0,3.94,17,234,-142.3,237,2,96
P1144,Sterling Shepard,WR,TAM,33,8.7,82.0,6.31,13,208,-145.4,238,2,97
P1084,Tyler Lockett,WR,2TM,34,2.8,73.1,4.3,17,221,-151.3,239,2,98
P1684,Shedeur Sanders,QB,CLE,24,89.6,84.9,10.61,8,202,-151.9,240,4,32
P1668,J.J. McCarthy,QB,MIN,23,87.9,125.4,12.54,10,140,-153.6,241,4,33
P1433,Mac Jones,QB,SFO,28,74.9,130.0,11.82,11,127,-166.6,242,4,34
P0681,Joe Flacco,QB,2TM,41,63.3,146.7,11.28,13,110,-178.2,243,4,35
P1443,Davis Mills,QB,HOU,28,44.4,68.6,11.43,6,232,-197.1,244,5,36
P1641,Spencer Rattler,QB,NOR,26,38.7,99.1,11.01,9,174,-202.8,245,5,37
P1081,Marcus Mariota,QB,WAS,33,35.9,125.5,11.41,11,138,-205.6,246,5,38
P1690,Dillon Gabriel,QB,CLE,26,33.9,70.1,7.01,10,228,-207.6,247,5,39
P1140,Carson Wentz,QB,MIN,34,30.6,70.3,14.06,5,227,-210.9,248,5,40
P1077,Tyrod Taylor,QB,NYJ,37,20.6,59.5,9.92,6,250,-220.9,249,5,41
P1047,Kirk Cousins,QB,ATL,38,19.3,103.5,10.35,10,167,-222.2,250,5,42
