,,,,,Games,Games,Passing,Passing,Passing,Passing,Passing,Rushing,Rushing,Rushing,Rushing,Receiving,Receiving,Receiving,Receiving,Receiving,Fumbles,Fumbles,Scoring,Scoring,Scoring,Fantasy,Fantasy,Fantasy,Fantasy,Fantasy,Fantasy,Fantasy,-additional
Rk,Player,Tm,FantPos,Age,G,GS,Cmp,Att,Yds,TD,Int,Att,Yds,Y/A,TD,Tgt,Rec,Yds,Y/R,TD,Fmb,FL,TD,2PM,2PP,FantPt,PPR,DKPt,FDPt,VBD,PosRank,OvRank,-9999
1,Derrick Henry,BAL,RB,32,1,1,0,0,0,0,0,24,144,6.00,3,1,1,19,19.00,0,0,0,3,,,34,35.3,38.3,34.8,24,1,1,HenrDe00
2,Kenneth Walker III,KAN,RB,26,1,1,0,0,0,0,0,23,173,7.52,1,6,3,18,6.00,1,0,0,2,,,31,34.1,37.1,32.6,21,3,2,WalkKe00
3,D'Andre Swift,CHI,RB,27,1,1,0,0,0,0,0,18,124,6.89,3,1,1,10,10.00,0,0,0,3,,,31,32.4,35.4,31.9,21,2,3,SwifDA00
4,Jahmyr Gibbs,DET,RB,24,1,1,0,0,0,0,0,29,156,5.38,2,5,5,30,6.00,0,1,1,2,,,29,33.6,37.6,31.1,19,4,4,GibbJa01
5,Christian Watson,GNB,WR,27,1,1,0,0,0,0,0,0,0,,0,8,6,147,24.50,2,0,0,2,,,27,32.7,35.7,29.7,18,1,5,WatsCh00
6,Caleb Williams,CHI,QB,25,1,1,21,29,269,2,0,10,65,6.50,2,0,0,0,,0,0,0,2,,,37,37.3,37.3,37.3,17,1,6,WillCa03
7,Ashton Jeanty,LVR,RB,23,1,1,0,0,0,0,0,23,102,4.43,0,6,6,45,7.50,2,0,0,2,,,27,32.7,35.7,29.7,17,5,7,JeanAs00
8,Jalen Coker,CAR,WR,25,1,1,0,0,0,0,0,0,0,,0,9,8,138,17.25,2,0,0,2,,,26,33.8,36.8,29.8,17,2,8,CokeJa01
9,David Montgomery,HOU,RB,29,1,1,0,0,0,0,0,20,60,3.00,2,3,3,19,6.33,1,0,0,3,,,26,28.9,28.9,27.4,16,6,9,MontDa01
10,Josh Allen,BUF,QB,30,1,1,20,29,334,2,0,6,23,3.83,2,0,0,0,,0,1,0,2,,,36,35.7,38.7,35.7,15,2,10,AlleJo02
11,Justin Jefferson,MIN,WR,27,1,1,0,0,0,0,0,0,0,,0,9,8,92,11.50,2,0,0,2,1,,23,31.2,31.2,27.2,15,3,11,JeffJu00
12,Bijan Robinson,ATL,RB,24,1,1,0,0,0,0,0,21,83,3.95,0,10,8,90,11.25,1,2,0,1,,,23,31.3,31.3,27.3,14,7,12,RobiBi01
13,Jonathan Taylor,IND,RB,27,1,1,0,0,0,0,0,19,98,5.16,2,4,3,23,7.67,0,1,1,2,,,22,25.1,26.1,23.6,13,8,13,TaylJo02
14,Zay Flowers,BAL,WR,26,1,1,0,0,0,0,0,0,0,,0,6,5,150,30.00,1,0,0,1,,,21,26.0,29.0,23.5,13,4,14,FlowZa00
15,Bryce Young,CAR,QB,25,1,1,23,37,361,3,1,2,10,5.00,1,0,0,0,,0,0,0,1,,,31,31.4,35.4,32.4,12,3,15,YounBr01
16,Chuba Hubbard,CAR,RB,27,1,1,0,0,0,0,0,10,49,4.90,1,3,3,38,12.67,1,0,0,2,,,21,23.7,23.7,22.2,11,9,16,HubbCh01
17,Isaiah Likely,NYG,TE,26,1,1,0,0,0,0,0,0,0,,0,8,8,78,9.75,2,1,0,2,,,20,27.8,27.8,23.8,11,1,17,LikeIs00
18,Dallas Goedert,PHI,TE,31,1,1,0,0,0,0,0,0,0,,0,5,4,77,19.25,2,0,0,2,,,20,23.7,23.7,21.7,11,2,18,GoedDa00
19,Amon-Ra St. Brown,DET,WR,27,1,1,0,0,0,0,0,0,0,,0,14,10,67,6.70,2,0,0,2,,,19,28.7,28.7,23.7,11,5,19,StxxAm00
20,Javonte Williams,DAL,RB,26,1,1,0,0,0,0,0,12,41,3.42,1,5,5,31,6.20,1,0,0,2,,,19,24.2,24.2,21.7,10,10,20,WillJa10
21,Chris Olave,NOR,WR,26,1,1,0,0,0,0,0,0,0,,0,13,10,182,18.20,0,0,0,0,,,18,28.2,31.2,23.2,10,6,21,OlavCh00
22,Jaxon Smith-Njigba,SEA,WR,24,1,1,0,0,0,0,0,0,0,,0,11,8,122,15.25,1,0,0,1,,,18,26.2,29.2,22.2,10,7,22,SmitJa06
23,Kyle Monangai,CHI,RB,24,1,0,0,0,0,0,0,10,100,10.00,1,2,2,24,12.00,0,0,0,1,,,18,20.4,23.4,19.4,9,11,23,MonaKy00
24,Breece Hall,NYJ,RB,25,1,1,0,0,0,0,0,22,102,4.64,1,2,2,16,8.00,0,0,0,1,,,18,19.8,22.8,18.8,8,12,24,HallBr03
25,D.J. Moore,BUF,WR,29,1,1,0,0,0,0,0,0,0,,0,8,5,100,20.00,1,0,0,1,,,16,21.0,24.0,18.5,8,8,25,MoorD.00
26,Jaxson Dart,NYG,QB,23,1,1,23,29,230,3,0,11,54,4.91,0,0,0,0,,0,1,0,0,,,27,26.6,26.6,26.6,7,4,26,DartJa00
27,Trey McBride,ARI,TE,27,1,1,0,0,0,0,0,0,0,,0,13,9,95,10.56,1,0,0,1,,,16,24.5,24.5,20.0,7,3,27,McBrTr01
28,Trevor Lawrence,JAX,QB,27,1,1,18,23,245,4,0,2,3,1.50,0,0,0,0,,0,0,0,0,,,26,26.1,26.1,26.1,6,5,28,LawrTr00
29,Parker Washington,JAX,WR,24,1,1,0,0,0,0,0,0,0,,0,6,5,83,16.60,1,0,0,1,,,14,19.3,19.3,16.8,6,9,29,WashPa01
30,Ladd McConkey,LAC,WR,25,1,1,0,0,0,0,0,0,0,,0,7,5,82,16.40,1,0,0,1,,,14,19.2,19.2,16.7,6,11,30,McCoLa00
31,Nico Collins,HOU,WR,27,1,1,0,0,0,0,0,1,7,7.00,0,10,7,75,10.71,1,0,0,1,,,14,21.2,21.2,17.7,6,10,31,CollNi00
32,Jalen Hurts,PHI,QB,28,1,1,14,25,203,3,0,7,46,6.57,0,0,0,0,,0,0,0,0,,,25,24.7,24.7,24.7,5,7,32,HurtJa00
33,Lamar Jackson,BAL,QB,29,1,1,17,25,324,1,0,7,40,5.71,1,0,0,0,,0,1,1,1,,,25,25.0,29.0,25.0,5,6,33,JackLa00
34,Cam Skattebo,NYG,RB,24,1,1,0,0,0,0,0,18,81,4.50,1,0,0,0,,0,1,0,1,,,14,14.1,14.1,14.1,5,13,34,SkatCa00
35,Chase Brown,CIN,RB,26,1,1,0,0,0,0,0,16,56,3.50,1,6,5,22,4.40,0,0,0,1,,,14,18.8,18.8,16.3,5,14,35,BrowCh10
36,Mike Gesicki,CIN,TE,31,1,0,0,0,0,0,0,0,0,,0,7,5,78,15.60,1,0,0,1,,,14,18.8,18.8,16.3,5,4,36,GesiMi00
37,Dontayvion Wicks,PHI,WR,25,1,1,0,0,0,0,0,0,0,,0,4,2,73,36.50,1,0,0,1,,,13,15.3,15.3,14.3,5,12,37,WickDo00
38,Devaughn Vele,NOR,WR,29,1,1,0,0,0,0,0,0,0,,0,9,7,69,9.86,1,0,0,1,,,13,19.9,19.9,16.4,5,13,38,VeleDe00
39,Antonio Williams,WAS,WR,22,1,0,0,0,0,0,0,0,0,,0,4,4,64,16.00,1,0,0,1,,,12,16.4,16.4,14.4,5,14,39,WillAn04
40,Tyler Shough,NOR,QB,27,1,1,35,56,410,3,2,4,8,2.00,0,0,0,0,,0,2,1,0,,,23,23.2,29.2,25.2,4,8,40,ShouTy00
41,Bucky Irving,TAM,RB,24,1,1,0,0,0,0,0,8,45,5.63,1,7,7,48,6.86,0,1,1,1,,,13,20.3,21.3,16.8,4,15,41,IrviBu00
42,Dalton Kincaid,BUF,TE,27,1,1,0,0,0,0,0,0,0,,0,6,5,130,26.00,0,0,0,0,,,13,18.0,21.0,15.5,4,5,42,KincDa00
43,Deebo Samuel,SFO,WR,30,1,0,0,0,0,0,0,1,12,12.00,0,7,6,48,8.00,1,0,0,1,,,12,18.0,18.0,15.0,4,15,43,SamuDe00
44,Denzel Boston,CLE,WR,23,1,1,0,0,0,0,0,0,0,,0,4,2,59,29.50,1,0,0,1,,,12,13.9,13.9,12.9,4,16,44,BostDe00
45,Stefon Diggs,WAS,WR,33,1,1,0,0,0,0,0,0,0,,0,9,4,55,13.75,1,0,0,1,,,12,15.5,15.5,13.5,4,17,45,DiggSt00
46,Kyren Williams,LAR,RB,26,1,1,0,0,0,0,0,11,41,3.73,1,3,3,24,8.00,0,0,0,1,,,13,15.5,15.5,14.0,3,16,46,WillKy02
47,Jacory Croskey-Merritt,WAS,RB,25,1,1,0,0,0,0,0,16,63,3.94,1,1,1,-7,-7.00,0,1,0,1,,,12,12.6,12.6,12.1,3,18,47,CrosJa00
48,Jordan Mason,MIN,RB,27,1,0,0,0,0,0,0,15,59,3.93,1,0,0,0,,0,0,0,1,,,12,11.9,11.9,11.9,3,17,48,MasoJo00
49,Demarcus Robinson,SFO,WR,32,1,0,0,0,0,0,0,0,0,,0,3,2,50,25.00,1,0,0,1,,,11,13.0,13.0,12.0,3,18,49,RobiDe01
50,Mike Evans,SFO,WR,33,1,1,0,0,0,0,0,0,0,,0,7,6,49,8.17,1,0,0,1,,,11,16.9,16.9,13.9,3,19,50,EvanMi00
51,Juwan Johnson,NOR,TE,30,1,1,0,0,0,0,0,0,0,,0,7,3,54,18.00,1,0,0,1,,,11,14.4,14.4,12.9,3,6,51,JohnJu02
52,CeeDee Lamb,DAL,WR,27,1,1,0,0,0,0,0,1,0,0.00,0,8,5,44,8.80,1,0,0,1,,,10,15.4,15.4,12.9,3,20,52,LambCe00
53,Jakobi Meyers,JAX,WR,30,1,1,0,0,0,0,0,1,2,2.00,0,2,2,40,20.00,1,0,0,1,,,10,12.2,12.2,11.2,3,21,53,MeyeJa01
54,Patrick Mahomes,KAN,QB,31,1,1,15,27,184,2,1,7,23,3.29,1,0,0,0,,0,0,0,1,,,22,21.7,22.7,22.7,2,9,54,MahoPa00
55,Brock Purdy,SFO,QB,27,1,1,25,34,205,3,1,5,29,5.80,0,0,0,0,,0,0,0,0,,,21,21.1,22.1,22.1,2,10,55,PurdBr00
56,Pat Freiermuth,PIT,TE,28,1,1,0,0,0,0,0,0,0,,0,5,5,46,9.20,1,0,0,1,,,11,15.6,15.6,13.1,2,7,56,FreiPa00
57,Jeremiyah Love,ARI,RB,21,1,0,0,0,0,0,0,11,41,3.73,1,4,2,9,4.50,0,0,0,1,,,11,13.0,13.0,12.0,2,19,57,LoveJe00
58,Evan Engram,DEN,TE,32,1,0,0,0,0,0,0,0,0,,0,5,4,43,10.75,1,0,0,1,,,10,14.3,14.3,12.3,2,8,58,EngrEv00
59,Matthew Golden,GNB,WR,23,1,1,0,0,0,0,0,0,0,,0,12,6,95,15.83,0,0,0,0,,,10,15.5,15.5,12.5,2,22,59,GoldMa02
60,Josh Palmer,BUF,WR,27,1,0,0,0,0,0,0,0,0,,0,2,1,34,34.00,1,0,0,1,,,9,10.4,10.4,9.9,2,23,60,PalmJo00
61,Caleb Douglas,MIA,WR,23,1,1,0,0,0,0,0,0,0,,0,7,5,94,18.80,0,0,0,0,,,9,14.4,14.4,11.9,2,24,61,DougCa00
62,T.J. Hockenson,MIN,TE,29,1,0,0,0,0,0,0,0,0,,0,5,4,36,9.00,1,0,0,1,,,10,13.6,13.6,11.6,1,9,62,HockTJ00
63,Cole Kmet,CHI,TE,27,1,0,0,0,0,0,0,0,0,,0,3,2,35,17.50,1,0,0,1,,,10,11.5,11.5,10.5,1,10,63,KmetCo00
64,Rhamondre Stevenson,NWE,RB,28,1,1,0,0,0,0,0,18,51,2.83,0,6,5,44,8.80,0,0,0,0,,,10,14.5,14.5,12.0,1,22,64,StevRh00
65,Aaron Jones,MIN,RB,32,1,1,0,0,0,0,0,12,40,3.33,1,1,0,0,,0,0,0,1,,,10,10.0,10.0,10.0,1,20,65,JoneAa00
66,Devin Singletary,NYG,RB,29,1,0,0,0,0,0,0,6,16,2.67,0,4,4,22,5.50,1,0,0,1,,,10,13.8,13.8,11.8,1,21,66,SingDe00
67,Noah Fant,NOR,TE,29,1,0,0,0,0,0,0,0,0,,0,8,4,33,8.25,1,0,0,1,,,9,13.3,13.3,11.3,1,11,67,FantNo00
68,Jack Bech,LVR,WR,24,1,0,0,0,0,0,0,0,0,,0,4,3,23,7.67,1,0,0,1,,,8,11.3,11.3,9.8,1,26,68,BechJa00
69,Kalif Raymond,CHI,WR,32,1,1,0,0,0,0,0,0,0,,0,9,8,84,10.50,0,0,0,0,,,8,16.4,16.4,12.4,1,25,69,RaymKa00
70,Jordan Love,GNB,QB,28,1,1,21,42,387,2,1,1,0,0.00,0,0,0,0,,0,2,1,0,,,19,19.5,24.5,20.5,,11,70,LoveJo03
71,Carson Wentz,MIN,QB,34,1,0,12,19,133,3,0,5,-1,-0.20,0,0,0,0,,0,0,0,0,,1,19,19.2,19.2,19.2,,12,71,WentCa00
72,Jayden Daniels,WAS,QB,26,1,1,18,34,164,2,0,5,31,6.20,0,0,0,0,,0,0,0,0,,,18,17.7,17.7,17.7,,13,72,DaniJa02
73,Malik Willis,MIA,QB,27,1,1,15,27,220,0,1,6,39,6.50,1,0,0,0,,0,1,0,1,,,17,16.7,17.7,17.7,,14,73,WillMa12
74,C.J. Stroud,HOU,QB,25,1,1,26,38,274,2,0,2,15,7.50,0,0,0,0,,0,2,2,0,,,16,16.5,18.5,16.5,,16,74,StroCJ00
75,Jared Goff,DET,QB,32,1,1,26,39,206,2,0,2,2,1.00,0,0,0,0,,0,1,0,0,,,16,16.4,16.4,16.4,,17,75,GoffJa00
76,Jacoby Brissett,ARI,QB,34,1,1,27,37,277,1,0,6,14,2.33,0,0,0,0,,0,0,0,0,,,16,16.5,16.5,16.5,,15,76,BrisJa00
77,Joe Burrow,CIN,QB,30,1,1,25,35,254,1,1,5,20,4.00,0,0,0,0,,0,0,0,0,,,14,14.2,15.2,15.2,,19,77,BurrJo01
78,Kirk Cousins,LVR,QB,38,1,1,21,30,160,3,2,5,-6,-1.20,0,0,0,0,,0,0,0,0,,,14,13.8,15.8,15.8,,21,78,CousKi00
79,Deshaun Watson,CLE,QB,31,1,1,16,22,205,1,1,6,38,6.33,0,0,0,0,,0,1,0,0,,,14,14.0,15.0,15.0,,20,,WatsDe00
80,Dak Prescott,DAL,QB,33,1,1,22,34,175,2,1,2,14,7.00,0,0,0,0,,0,0,0,0,,,14,14.4,15.4,15.4,,18,,PresDa01
81,Aaron Rodgers,PIT,QB,43,1,1,24,40,221,1,0,3,-3,-1.00,0,0,0,0,,0,0,0,0,,,13,12.5,12.5,12.5,,24,,RodgAa00
82,Justin Herbert,LAC,QB,28,1,1,17,27,209,1,1,5,29,5.80,0,0,0,0,,0,0,0,0,,,13,13.3,14.3,14.3,,22,,HerbJu00
83,Drew Lock,SEA,QB,30,1,0,16,22,187,1,0,2,13,6.50,0,0,0,0,,0,0,0,0,,,13,12.8,12.8,12.8,,23,,LockDr00
84,Cam Ward,TEN,QB,24,1,1,19,32,140,1,0,4,21,5.25,0,0,0,0,,0,0,0,0,,,12,11.7,11.7,11.7,,25,,WardCa00
85,Baker Mayfield,TAM,QB,31,1,1,23,28,216,0,0,5,30,6.00,1,0,0,0,,0,3,3,1,,,12,11.6,14.6,11.6,,26,,MayfBa00
86,Drake Maye,NWE,QB,24,1,1,23,33,178,1,3,7,47,6.71,0,0,0,0,,0,0,0,0,,,10,9.8,12.8,12.8,,27,,MayeDr00
87,Daniel Jones,IND,QB,29,1,1,19,31,166,1,1,1,4,4.00,0,0,0,0,,0,0,0,0,,,9,9.0,10.0,10.0,,29,,JoneDa05
88,Bhayshul Tuten,JAX,RB,23,1,1,0,0,0,0,0,15,66,4.40,0,1,1,22,22.00,0,0,0,0,,,9,9.8,9.8,9.3,,24,,TuteBh00
89,Kendre Miller,NOR,RB,24,1,0,0,0,0,0,0,9,30,3.33,1,0,0,0,,0,0,0,1,,,9,9.0,9.0,9.0,,23,,MillKe01
90,Geno Smith,NYJ,QB,36,1,1,19,24,215,0,0,6,7,1.17,0,0,0,0,,0,1,0,0,,,9,9.3,9.3,9.3,,28,,SmitGe00
91,Christian McCaffrey,SFO,RB,30,1,1,0,0,0,0,0,10,68,6.80,0,8,5,20,4.00,0,0,0,0,,,9,13.8,13.8,11.3,,25,,McCaCh01
92,Kendrick Bourne,ARI,WR,31,1,1,0,0,0,0,0,0,0,,0,8,8,75,9.38,0,0,0,0,,,8,15.5,15.5,11.5,,30,,BourKe00
93,Josh Cameron,JAX,WR,23,1,0,0,0,0,0,0,0,0,,0,2,2,20,10.00,1,0,0,1,,,8,10.0,10.0,9.0,,27,,CameJo01
94,Brenton Strange,JAX,TE,26,1,1,0,0,0,0,0,0,0,,0,3,2,23,11.50,1,0,0,1,,,8,10.3,10.3,9.3,,13,,StraBr00
95,Rashee Rice,KAN,WR,26,1,1,0,0,0,0,0,0,0,,0,2,2,19,9.50,1,0,0,1,,,8,9.9,9.9,8.9,,28,,RiceRa01
96,Travis Etienne,NOR,RB,27,1,1,0,0,0,0,0,9,46,5.11,0,9,7,32,4.57,0,0,0,0,,,8,14.8,14.8,11.3,,28,,EtieTr00
97,Kenyon Sadiq,NYJ,TE,21,1,0,0,0,0,0,0,1,3,3.00,1,3,3,21,7.00,0,0,0,1,,,8,11.4,11.4,9.9,,12,,SadiKe00
98,Garrett Wilson,NYJ,WR,26,1,1,0,0,0,0,0,0,0,,0,7,6,79,13.17,0,0,0,0,,,8,13.9,13.9,10.9,,29,,WilsGa00
99,Saquon Barkley,PHI,RB,29,1,1,0,0,0,0,0,15,83,5.53,0,2,1,-3,-3.00,0,0,0,0,,,8,9.0,9.0,8.5,,27,,BarkSa00
100,Omarion Hampton,LAC,RB,23,1,1,0,0,0,0,0,12,43,3.58,1,0,0,0,,0,1,1,1,,,8,8.3,9.3,8.3,,26,,HampOm00
101,James Cook,BUF,RB,27,1,1,0,0,0,0,0,13,57,4.38,0,4,3,12,4.00,0,1,0,0,,,7,9.9,9.9,8.4,,31,,CookJa01
102,Tyler Warren,IND,TE,24,1,1,0,0,0,0,0,0,0,,0,5,3,13,4.33,1,0,0,1,,,7,10.3,10.3,8.8,,14,,WarrTy00
103,Tyler Allgeier,ARI,RB,26,1,1,0,0,0,0,0,17,61,3.59,0,2,2,9,4.50,0,0,0,0,,,7,9.0,9.0,8.0,,29,,AllgTy00
104,Tucker Kraft,GNB,TE,26,1,1,0,0,0,0,0,0,0,,0,6,3,65,21.67,0,0,0,0,,,7,9.5,9.5,8.0,,16,,KrafTu00
105,Emmett Johnson,KAN,RB,23,1,0,0,0,0,0,0,8,24,3.00,0,2,2,44,22.00,0,0,0,0,,,7,8.8,8.8,7.8,,32,,JohnEm01
106,Travis Kelce,KAN,TE,37,1,1,0,0,0,0,0,0,0,,0,5,3,71,23.67,0,0,0,0,,,7,10.1,10.1,8.6,,15,,KelcTr00
107,De'Von Achane,MIA,RB,25,1,1,0,0,0,0,0,11,36,3.27,0,5,4,30,7.50,0,0,0,0,,,7,10.6,10.6,8.6,,33,,AchaDe00
108,Malik Nabers,NYG,WR,23,1,1,0,0,0,0,0,0,0,,0,9,6,69,11.50,0,0,0,0,,,7,12.9,12.9,9.9,,33,,NabeMa00
109,Elic Ayomanor,TEN,WR,23,1,0,0,0,0,0,0,0,0,,0,3,1,11,11.00,1,0,0,1,,,7,8.1,8.1,7.6,,32,,AyomEl00
110,Puka Nacua,LAR,WR,25,1,1,0,0,0,0,0,0,0,,0,9,5,74,14.80,0,0,0,0,,,7,12.4,12.4,9.9,,31,,NacuPu00
111,Kaelon Black,SFO,RB,25,1,0,0,0,0,0,0,14,65,4.64,0,1,1,5,5.00,0,0,0,0,,,7,8.0,8.0,7.5,,30,,BlacKa00
112,Cooper Rush,ATL,QB,33,1,1,12,22,143,1,2,0,0,,0,0,0,0,,0,0,0,0,,,6,5.7,7.7,7.7,,30,,RushCo00
113,Jonathon Brooks,CAR,RB,23,1,0,0,0,0,0,0,4,14,3.50,0,2,1,48,48.00,0,0,0,0,,,6,7.2,7.2,6.7,,34,,BrooJo02
114,Tetairoa McMillan,CAR,WR,23,1,1,0,0,0,0,0,0,0,,0,8,5,75,15.00,0,1,1,0,,,6,10.5,11.5,8.0,,41,,McMiTe00
115,Jahdae Walker,CHI,WR,24,1,0,0,0,0,0,0,0,0,,0,1,1,1,1.00,1,0,0,1,,,6,7.1,7.1,6.6,,35,,WalkJa03
116,Tee Higgins,CIN,WR,27,1,1,0,0,0,0,0,0,0,,0,6,3,59,19.67,0,0,0,0,,,6,8.9,8.9,7.4,,38,,HiggTe00
117,Alec Pierce,IND,WR,26,1,0,0,0,0,0,0,0,0,,0,6,4,61,15.25,0,0,0,0,,,6,10.1,10.1,8.1,,36,,PierAl00
118,Michael Wilson,ARI,WR,26,1,1,0,0,0,0,0,0,0,,0,7,5,56,11.20,0,0,0,0,,,6,10.6,10.6,8.1,,40,,WilsMi02
119,Eli Raridon,NWE,TE,22,1,0,0,0,0,0,0,0,0,,0,1,1,2,2.00,1,0,0,1,,,6,7.2,7.2,6.7,,17,,RariEl00
120,Adonai Mitchell,NYJ,WR,24,1,1,0,0,0,0,0,0,0,,0,3,3,60,20.00,0,0,0,0,,,6,9.0,9.0,7.5,,37,,MitcAd00
121,Michael Pittman Jr.,PIT,WR,29,1,1,0,0,0,0,0,0,0,,0,3,3,58,19.33,0,0,0,0,,,6,8.8,8.8,7.3,,39,,PittMi01
122,David Njoku,LAC,TE,30,1,0,0,0,0,0,0,0,0,,0,5,5,58,11.60,0,0,0,0,,,6,10.8,10.8,8.3,,18,,NjokDa00
123,Jadarian Price,SEA,RB,23,1,1,0,0,0,0,0,10,52,5.20,0,2,2,6,3.00,0,0,0,0,,,6,7.8,7.8,6.8,,35,,PricJa02
124,Emeka Egbuka,TAM,WR,24,1,1,0,0,0,0,0,0,0,,0,6,5,63,12.60,0,0,0,0,,,6,11.3,11.3,8.8,,34,,EgbuEm01
125,Khalil Shakir,BUF,WR,26,1,0,0,0,0,0,0,0,0,,0,6,4,50,12.50,0,0,0,0,,,5,9.0,9.0,7.0,,47,,ShakKh00
126,Luther Burden,CHI,WR,23,1,1,0,0,0,0,0,1,2,2.00,0,5,5,63,12.60,0,1,1,0,,,5,9.5,10.5,7.0,,48,,BurdLu00
127,Rome Odunze,CHI,WR,24,1,1,0,0,0,0,0,0,0,,0,3,2,52,26.00,0,0,0,0,,,5,7.2,7.2,6.2,,45,,OdunRo00
128,Samaje Perine,CIN,RB,31,1,0,0,0,0,0,0,5,20,4.00,0,3,3,30,10.00,0,0,0,0,,,5,8.0,8.0,6.5,,38,,PeriSa00
129,Quinshon Judkins,CLE,RB,23,1,1,0,0,0,0,0,12,33,2.75,0,2,2,17,8.50,0,0,0,0,,,5,7.0,7.0,6.0,,39,,JudkQu00
130,Bo Nix,DEN,QB,26,1,1,17,28,131,1,1,3,2,0.67,0,0,0,0,,0,3,1,0,,,5,5.4,7.4,6.4,,31,,NixxBo00
131,Sam LaPorta,DET,TE,25,1,1,0,0,0,0,0,0,0,,0,8,5,48,9.60,0,0,0,0,,,5,9.8,9.8,7.3,,21,,LaPoSa01
132,Jameson Williams,DET,WR,25,1,1,0,0,0,0,0,0,0,,0,9,4,45,11.25,0,0,0,0,,,5,8.5,8.5,6.5,,49,,WillJa11
133,Jonnu Smith,GNB,TE,31,1,0,0,0,0,0,0,0,0,,0,3,2,50,25.00,0,0,0,0,,,5,7.0,7.0,6.0,,19,,SmitJo01
134,Jaylin Noel,HOU,WR,24,1,0,0,0,0,0,0,0,0,,0,2,2,53,26.50,0,0,0,0,,,5,7.3,7.3,6.3,,42,,NoelJa00
135,Mack Hollins,NWE,WR,33,1,1,0,0,0,0,0,0,0,,0,5,4,51,12.75,0,0,0,0,,,5,9.1,9.1,7.1,,46,,HollMa00
136,DeVonta Smith,PHI,WR,28,1,1,0,0,0,0,0,0,0,,0,6,3,53,17.67,0,0,0,0,,,5,8.3,8.3,6.8,,43,,SmitDe07
137,Jaylen Warren,PIT,RB,28,1,1,0,0,0,0,0,10,46,4.60,0,6,5,27,5.40,0,1,1,0,,,5,10.3,11.3,7.8,,37,,WarrJa01
138,Blake Corum,LAR,RB,26,1,0,0,0,0,0,0,10,54,5.40,0,0,0,0,,0,0,0,0,,,5,5.4,5.4,5.4,,36,,CoruBl00
139,Mark Andrews,BAL,TE,31,1,1,0,0,0,0,0,0,0,,0,6,4,49,12.25,0,0,0,0,,,5,8.9,8.9,6.9,,20,,AndrMa00
140,Chris Moore,BAL,WR,33,1,0,0,0,0,0,0,0,0,,0,2,1,53,53.00,0,0,0,0,,,5,6.3,6.3,5.8,,44,,MoorCh00
141,Drake London,ATL,WR,25,1,1,0,0,0,0,0,1,6,6.00,0,4,2,29,14.50,0,0,0,0,,,4,5.5,5.5,4.5,,60,,LondDr00
142,KC Concepcion,CLE,WR,22,1,0,0,0,0,0,0,3,15,5.00,0,5,4,43,10.75,0,1,1,0,,,4,7.8,8.8,5.8,,55,,ConcKC00
143,Josh Downs,IND,WR,25,1,0,0,0,0,0,0,0,0,,0,4,2,37,18.50,0,0,0,0,,,4,5.7,5.7,4.7,,58,,DownJo00
144,Pat Bryant,DEN,WR,24,1,0,0,0,0,0,0,0,0,,0,6,4,42,10.50,0,0,0,0,,,4,8.2,8.2,6.2,,51,,BryaPa00
145,J.K. Dobbins,DEN,RB,28,1,1,0,0,0,0,0,8,36,4.50,0,0,0,0,,0,0,0,0,,,4,3.6,3.6,3.6,,45,,DobbJK00
146,RJ Harvey,DEN,RB,25,1,0,0,0,0,0,0,3,18,6.00,0,4,4,23,5.75,0,0,0,0,,,4,8.1,8.1,6.1,,40,,HarvRJ00
147,MarShawn Lloyd,GNB,RB,25,1,0,0,0,0,0,0,13,37,2.85,0,1,0,0,,0,0,0,0,,,4,3.7,3.7,3.7,,44,,LloyMa00
148,Woody Marks,HOU,RB,26,1,0,0,0,0,0,0,9,42,4.67,0,1,1,-2,-2.00,0,0,0,0,,,4,5.0,5.0,4.5,,42,,MarkWo00
149,Dalton Schultz,HOU,TE,30,1,1,0,0,0,0,0,0,0,,0,8,4,35,8.75,0,0,0,0,,,4,7.5,7.5,5.5,,22,,SchuDa00
150,Brian Thomas,JAX,WR,24,1,1,0,0,0,0,0,0,0,,0,3,3,40,13.33,0,1,0,0,,,4,7.0,7.0,5.5,,53,,ThomBr06
151,Bryce Lance,NOR,WR,24,1,0,0,0,0,0,0,0,0,,0,4,3,42,14.00,0,0,0,0,,,4,7.2,7.2,5.7,,52,,LancBr00
152,Braelon Allen,NYJ,RB,22,1,0,0,0,0,0,0,10,40,4.00,0,1,0,0,,0,0,0,0,,,4,4.0,4.0,4.0,,43,,AlleBr05
153,Wan'Dale Robinson,TEN,WR,25,1,0,0,0,0,0,0,0,0,,0,6,5,38,7.60,0,0,0,0,,,4,8.8,8.8,6.3,,56,,RobiWa01
154,Carnell Tate,TEN,WR,21,1,1,0,0,0,0,0,0,0,,0,6,4,38,9.50,0,0,0,0,,,4,7.8,7.8,5.8,,57,,TateCa00
155,D.K. Metcalf,PIT,WR,29,1,1,0,0,0,0,0,0,0,,0,10,4,40,10.00,0,0,0,0,,,4,8.0,8.0,6.0,,54,,MetcDK00
156,Mike Washington Jr.,LVR,RB,23,1,0,0,0,0,0,0,7,41,5.86,0,0,0,0,,0,0,0,0,,,4,4.1,4.1,4.1,,41,,WashMi00
157,Matthew Stafford,LAR,QB,38,1,1,15,25,155,0,1,2,-1,-0.50,0,0,0,0,,0,0,0,0,,,4,4.1,5.1,5.1,,32,,StafMa00
158,Cooper Kupp,SEA,WR,33,1,1,0,0,0,0,0,0,0,,0,3,2,35,17.50,0,0,0,0,,,4,5.5,5.5,4.5,,61,,KuppCo00
159,Chris Godwin,TAM,WR,30,1,1,0,0,0,0,0,1,3,3.00,0,4,4,40,10.00,0,0,0,0,,,4,8.3,8.3,6.3,,50,,GodwCh00
160,Ted Hurst,TAM,WR,22,1,1,0,0,0,0,0,0,0,,0,3,3,36,12.00,0,0,0,0,,,4,6.6,6.6,5.1,,59,,HursTe00
161,Brian Robinson Jr.,ATL,RB,27,1,0,0,0,0,0,0,9,31,3.44,0,0,0,0,,0,0,0,0,,,3,3.1,3.1,3.1,,48,,RobiBr01
162,AJ Dillon,CAR,RB,28,1,0,0,0,0,0,0,5,28,5.60,0,0,0,0,,0,0,0,0,,,3,2.8,2.8,2.8,,51,,DillAJ00
163,Tommy Tremble,CAR,TE,26,1,1,0,0,0,0,0,0,0,,0,5,3,25,8.33,0,0,0,0,,,3,5.5,5.5,4.0,,29,,TremTo00
164,Darren Waller,CAR,TE,34,1,1,0,0,0,0,0,0,0,,0,2,2,28,14.00,0,0,0,0,,,3,4.8,4.8,3.8,,25,,WallDa01
165,Dohnte Meyers,CIN,WR,26,1,0,0,0,0,0,0,1,10,10.00,0,1,1,18,18.00,0,0,0,0,,,3,3.8,3.8,3.3,,67,,MeyeDo00
166,Jerry Jeudy,CLE,WR,27,1,1,0,0,0,0,0,0,0,,0,4,2,26,13.00,0,0,0,0,,,3,4.6,4.6,3.6,,72,,JeudJe00
167,Raheim Sanders,CLE,RB,24,1,0,0,0,0,0,0,1,1,1.00,0,3,3,25,8.33,0,0,0,0,,,3,5.6,5.6,4.1,,54,,SandRa00
168,Keenan Allen,IND,WR,34,1,0,0,0,0,0,0,0,0,,0,6,6,32,5.33,0,0,0,0,,,3,9.2,9.2,6.2,,64,,AlleKe00
169,Marvin Harrison Jr.,ARI,WR,24,1,1,0,0,0,0,0,0,0,,0,3,1,33,33.00,0,0,0,0,,,3,4.3,4.3,3.8,,62,,HarrMa09
170,George Pickens,DAL,WR,25,1,1,0,0,0,0,0,0,0,,0,6,3,28,9.33,0,0,0,0,,,3,5.8,5.8,4.3,,68,,PickGe00
171,Chris Brooks,GNB,RB,26,1,1,0,0,0,0,0,7,29,4.14,0,1,0,0,,0,0,0,0,,,3,2.9,2.9,2.9,,49,,BrooCh00
172,Xavier Hutchinson,HOU,WR,26,1,0,0,0,0,0,0,0,0,,0,6,3,32,10.67,0,0,0,0,,,3,6.2,6.2,4.7,,65,,HutcXa00
173,Ameer Abdullah,JAX,RB,33,1,0,0,0,0,0,0,4,32,8.00,0,1,1,0,0.00,0,0,0,0,,,3,4.2,4.2,3.7,,47,,AbduAm00
174,Chris Bell,MIA,WR,22,1,0,0,0,0,0,0,0,0,,0,2,1,25,25.00,0,0,0,0,,,3,3.5,3.5,3.0,,76,,BellCh00
175,Malik Washington,MIA,WR,25,1,1,0,0,0,0,0,0,0,,0,8,3,53,17.67,0,1,1,0,,,3,6.3,7.3,4.8,,63,,WashMa00
176,A.J. Brown,NWE,WR,29,1,1,0,0,0,0,0,0,0,,0,4,3,26,8.67,0,0,0,0,,,3,5.6,5.6,4.1,,73,,BrowAJ00
177,Hunter Henry,NWE,TE,32,1,1,0,0,0,0,0,0,0,,0,3,3,26,8.67,0,0,0,0,,,3,5.6,5.6,4.1,,27,,HenrHu00
178,Malachi Fields,NYG,WR,23,1,1,0,0,0,0,0,0,0,,0,4,2,25,12.50,0,0,0,0,,,3,4.5,4.5,3.5,,77,,FielMa00
179,Darnell Mooney,NYG,WR,29,1,0,0,0,0,0,0,0,0,,0,2,2,27,13.50,0,0,0,0,,,3,4.7,4.7,3.7,,69,,MoonDa00
180,Omar Cooper,NYJ,WR,23,1,1,0,0,0,0,0,0,0,,0,1,1,30,30.00,0,0,0,0,,,3,4.0,4.0,3.5,,66,,CoopOm00
181,Gunnar Helm,TEN,TE,24,1,1,0,0,0,0,0,0,0,,0,5,4,28,7.00,0,0,0,0,,,3,6.8,6.8,4.8,,26,,HelmGu00
182,Tony Pollard,TEN,RB,29,1,1,0,0,0,0,0,7,35,5.00,0,2,1,-1,-1.00,0,0,0,0,,,3,4.4,4.4,3.9,,46,,PollTo00
183,Roman Wilson,PIT,WR,25,1,0,0,0,0,0,0,0,0,,0,6,3,26,8.67,0,0,0,0,,,3,5.6,5.6,4.1,,74,,WilsRo02
184,Michael Mayer,LVR,TE,25,1,1,0,0,0,0,0,0,0,,0,7,6,32,5.33,0,0,0,0,,,3,9.2,9.2,6.2,,23,,MayeMi00
185,Jalen Nailor,LVR,WR,27,1,1,0,0,0,0,0,0,0,,0,5,3,27,9.00,0,0,0,0,,,3,5.7,5.7,4.2,,70,,NailJa00
186,Tre Tucker,LVR,WR,25,1,1,0,0,0,0,0,0,0,,0,4,2,27,13.50,0,0,0,0,,,3,4.7,4.7,3.7,,71,,TuckTr00
187,Davante Adams,LAR,WR,34,1,1,0,0,0,0,0,0,0,,0,6,3,26,8.67,0,0,0,0,,,3,5.6,5.6,4.1,,75,,AdamDa01
188,Justice Hill,BAL,RB,29,1,0,0,0,0,0,0,6,18,3.00,0,1,1,10,10.00,0,0,0,0,,,3,3.8,3.8,3.3,,52,,HillJu00
189,Oronde Gadsden II,LAC,TE,23,1,0,0,0,0,0,0,0,0,,0,2,2,32,16.00,0,0,0,0,,,3,5.2,5.2,4.2,,24,,GadsOr01
190,George Holani,SEA,RB,27,1,0,0,0,0,0,0,8,29,3.63,0,1,0,0,,0,0,0,0,,,3,2.9,2.9,2.9,,50,,HolaGe00
191,Cade Otton,TAM,TE,27,1,1,0,0,0,0,0,0,0,,0,5,3,26,8.67,0,0,0,0,,,3,5.6,5.6,4.1,,28,,OttoCa00
192,Rachaad White,WAS,RB,27,1,0,0,0,0,0,0,7,22,3.14,0,2,2,5,2.50,0,0,0,0,,,3,4.7,4.7,3.7,,53,,WhitRa01
193,Jahan Dotson,ATL,WR,26,1,1,0,0,0,0,0,0,0,,0,3,1,19,19.00,0,0,0,0,,,2,2.9,2.9,2.4,,83,,DotsJa00
194,Kenny Pickett,CAR,QB,28,1,0,0,1,0,0,0,1,24,24.00,0,0,0,0,,0,0,0,0,,,2,2.4,2.4,2.4,,33,,PickKe00
195,Drew Sample,CIN,TE,30,1,1,0,0,0,0,0,0,0,,0,3,3,19,6.33,0,0,0,0,,,2,4.9,4.9,3.4,,32,,SampDr00
196,Harold Fannin,CLE,TE,22,1,0,0,0,0,0,0,0,0,,0,3,2,21,10.50,0,0,0,0,,,2,4.1,4.1,3.1,,31,,FannHa00
197,Ryan Flournoy,DAL,WR,27,1,1,0,0,0,0,0,0,0,,0,4,2,22,11.00,0,0,0,0,,,2,4.2,4.2,3.2,,78,,FlouRy00
198,Sione Vaki,DET,RB,25,1,0,0,0,0,0,0,2,7,3.50,0,1,1,11,11.00,0,0,0,0,,,2,2.8,2.8,2.3,,60,,VakiSi00
199,Jayden Reed,GNB,WR,26,1,1,0,0,0,0,0,0,0,,0,7,3,20,6.67,0,0,0,0,,,2,5.0,5.0,3.5,,80,,ReedJa03
200,Kayshon Boutte,HOU,WR,24,1,0,0,0,0,0,0,0,0,,0,2,1,21,21.00,0,0,0,0,,,2,3.1,3.1,2.6,,79,,BoutKa00
201,Marlin Klein,HOU,TE,24,1,0,0,0,0,0,0,0,0,,0,1,1,16,16.00,0,0,0,0,,,2,2.6,2.6,2.1,,36,,KleiMa00
202,Foster Moreau,HOU,TE,29,1,1,0,0,0,0,0,0,0,,0,2,2,15,7.50,0,0,0,0,,,2,3.5,3.5,2.5,,38,,MoreFo00
203,Chris Rodriguez,JAX,RB,26,1,0,0,0,0,0,0,6,23,3.83,0,0,0,0,,0,0,0,0,,,2,2.3,2.3,2.3,,57,,RodrCh00
204,Xavier Worthy,KAN,WR,23,1,1,0,0,0,0,0,0,0,,0,6,3,18,6.00,0,0,0,0,,,2,4.8,4.8,3.3,,84,,WortXa00
205,Greg Dulcich,MIA,TE,26,1,1,0,0,0,0,0,0,0,,0,2,2,18,9.00,0,0,0,0,,,2,3.8,3.8,2.8,,34,,DulcGr00
206,Josh Oliver,MIN,TE,29,1,1,0,0,0,0,0,0,0,,0,4,2,22,11.00,0,0,0,0,,,2,4.2,4.2,3.2,,30,,OlivJo00
207,DeMario Douglas,NWE,WR,26,1,0,0,0,0,0,0,0,0,,0,7,5,20,4.00,0,0,0,0,,,2,7.0,7.0,4.5,,81,,DougDe00
208,Tyjae Spears,TEN,RB,25,1,0,0,0,0,0,0,3,12,4.00,0,4,2,12,6.00,0,0,0,0,,,2,4.4,4.4,3.4,,55,,SpeaTy00
209,Rico Dowdle,PIT,RB,28,1,0,0,0,0,0,0,8,15,1.88,0,5,2,6,3.00,0,0,0,0,,,2,4.1,4.1,3.1,,58,,DowdRi01
210,Darnell Washington,PIT,TE,25,1,1,0,0,0,0,0,0,0,,0,2,2,18,9.00,0,0,0,0,,,2,3.8,3.8,2.8,,35,,WashDa03
211,Ronnie Rivers,LAR,RB,27,1,0,0,0,0,0,0,5,19,3.80,0,1,1,5,5.00,0,0,0,0,,,2,3.4,3.4,2.9,,56,,RiveRo01
212,LaJohntay Wester,BAL,WR,24,1,0,0,0,0,0,0,0,0,,0,2,2,15,7.50,0,0,0,0,,,2,3.5,3.5,2.5,,86,,WestLa01
213,Tre Harris,LAC,WR,24,1,0,0,0,0,0,0,0,0,,0,6,3,20,6.67,0,0,0,0,,,2,5.0,5.0,3.5,,82,,HarrTr03
214,Quentin Johnston,LAC,WR,25,1,1,0,0,0,0,0,0,0,,0,6,2,17,8.50,0,0,0,0,,,2,3.7,3.7,2.7,,85,,JohnQu02
215,Brady Russell,SEA,FB,28,1,1,0,0,0,0,0,0,0,,0,2,2,20,10.00,0,0,0,0,,,2,4.0,4.0,3.0,,59,,RussBr00
216,Luke Farrell,SFO,TE,29,1,0,0,0,0,0,0,0,0,,0,2,2,19,9.50,0,0,0,0,,,2,3.9,3.9,2.9,,33,,FarrLu00
217,Kenneth Gainwell,TAM,RB,27,1,0,0,0,0,0,0,5,15,3.00,0,1,1,3,3.00,0,0,0,0,,,2,2.8,2.8,2.3,,61,,GainKe00
218,Kaytron Allen,WAS,RB,23,1,0,0,0,0,0,0,4,16,4.00,0,0,0,0,,0,0,0,0,,,2,1.6,1.6,1.6,,62,,AlleKa01
219,Chig Okonkwo,WAS,TE,27,1,1,0,0,0,0,0,0,0,,0,3,2,16,8.00,0,0,0,0,,,2,3.6,3.6,2.6,,37,,OkonCh00
220,Olamide Zaccheaus,ATL,WR,29,1,0,0,0,0,0,0,0,0,,0,1,1,5,5.00,0,0,0,0,,,1,1.5,1.5,1.0,,98,,ZaccOl01
221,Dawson Knox,BUF,TE,30,1,1,0,0,0,0,0,0,0,,0,1,1,7,7.00,0,0,0,0,,,1,1.7,1.7,1.2,,52,,KnoxDa00
222,Mitchell Evans,CAR,TE,23,1,0,0,0,0,0,0,0,0,,0,2,1,9,9.00,0,0,0,0,,,1,1.9,1.9,1.4,,48,,EvanMi01
223,Ja'Marr Chase,CIN,WR,26,1,1,0,0,0,0,0,0,0,,0,4,2,12,6.00,0,0,0,0,,,1,3.2,3.2,2.2,,88,,ChasJa00
224,Andrei Iosivas,CIN,WR,27,1,1,0,0,0,0,0,0,0,,0,3,2,12,6.00,0,0,0,0,,,1,3.2,3.2,2.2,,89,,IosiAn00
225,Blake Whiteheart,CLE,TE,26,1,1,0,0,0,0,0,0,0,,0,1,1,14,14.00,0,0,0,0,,,1,2.4,2.4,1.9,,39,,WhitBl01
226,Emari Demercado,DAL,RB,27,1,0,0,0,0,0,0,2,7,3.50,0,0,0,0,,0,0,0,0,,,1,0.7,0.7,0.7,,67,,DemeEm00
227,Jake Ferguson,DAL,TE,27,1,1,0,0,0,0,0,0,0,,0,2,2,6,3.00,0,0,0,0,,,1,2.6,2.6,1.6,,54,,FergJa00
228,Hunter Luepke,DAL,RB,26,1,0,0,0,0,0,0,1,7,7.00,0,0,0,0,,0,0,0,0,,,1,0.7,0.7,0.7,,68,,LuepHu00
229,Jonathan Mingo,DAL,WR,25,1,0,0,0,0,0,0,0,0,,0,1,1,10,10.00,0,0,0,0,,,1,2.0,2.0,1.5,,94,,MingJo00
230,Luke Schoonmaker,DAL,TE,28,1,0,0,0,0,0,0,0,0,,0,1,1,12,12.00,0,0,0,0,,,1,2.2,2.2,1.7,,45,,SchoLu00
231,Brevyn Spann-Ford,DAL,TE,27,1,0,0,0,0,0,0,0,0,,0,2,2,14,7.00,0,0,0,0,,,1,3.4,3.4,2.4,,40,,SpanBr00
232,KaVontae Turpin,DAL,WR,30,1,0,0,0,0,0,0,0,0,,0,1,1,8,8.00,0,0,0,0,,,1,1.8,1.8,1.3,,95,,TurpKa00
233,Troy Franklin,DEN,WR,23,1,0,0,0,0,0,0,1,5,5.00,0,1,0,0,,0,0,0,0,,,1,0.5,0.5,0.5,,99,,FranTr00
234,Courtland Sutton,DEN,WR,31,1,1,0,0,0,0,0,0,0,,0,5,2,11,5.50,0,0,0,0,,,1,3.1,3.1,2.1,,91,,SuttCo00
235,Adam Trautman,DEN,TE,29,1,0,0,0,0,0,0,0,0,,0,3,2,10,5.00,0,0,0,0,,,1,3.0,3.0,2.0,,47,,TrauAd00
236,Brock Wright,DET,TE,28,1,1,0,0,0,0,0,0,0,,0,1,1,5,5.00,0,0,0,0,,,1,1.5,1.5,1.0,,56,,WrigBr01
237,Jared Wayne,HOU,WR,26,1,0,0,0,0,0,0,0,0,,0,1,1,12,12.00,0,0,0,0,,,1,2.2,2.2,1.7,,90,,WaynJa01
238,Nate Boerkircher,JAX,TE,25,1,0,0,0,0,0,0,0,0,,0,1,1,9,9.00,0,0,0,0,,,1,1.9,1.9,1.4,,49,,BoerNa00
239,Travis Hunter,JAX,WR,23,1,1,0,0,0,0,0,1,3,3.00,0,1,1,8,8.00,0,0,0,0,,,1,2.1,2.1,1.6,,92,,HuntTr00
240,Jake Briningstool,KAN,TE,24,1,0,0,0,0,0,0,0,0,,0,1,1,9,9.00,0,0,0,0,,,1,1.9,1.9,1.4,,50,,BrinJa00
241,Noah Gray,KAN,TE,27,1,0,0,0,0,0,0,0,0,,0,1,1,5,5.00,0,0,0,0,,,1,1.5,1.5,1.0,,57,,GrayNo00
242,Corey Kiner,NWE,RB,24,1,0,0,0,0,0,0,6,11,1.83,0,0,0,0,,0,0,0,0,,,1,1.1,1.1,1.1,,64,,KineCo00
243,Lan Larison,NWE,RB,25,1,0,0,0,0,0,0,0,0,,0,2,2,9,4.50,0,0,0,0,,,1,2.9,2.9,1.9,,65,,LariLa00
244,Theo Johnson,NYG,TE,25,1,0,0,0,0,0,0,0,0,,0,1,1,9,9.00,0,0,0,0,,,1,1.9,1.9,1.4,,51,,JohnTh00
245,Isaiah Williams,NYJ,WR,25,1,0,0,0,0,0,0,0,0,,0,1,1,7,7.00,0,0,0,0,,,1,1.7,1.7,1.2,,97,,WillIs03
246,Daniel Bellinger,TEN,TE,26,1,1,0,0,0,0,0,0,0,,0,1,1,7,7.00,0,0,0,0,,,1,1.7,1.7,1.2,,53,,BellDa00
247,Will Shipley,PHI,RB,24,1,0,0,0,0,0,0,2,4,2.00,0,1,1,8,8.00,0,0,0,0,,,1,2.2,2.2,1.7,,63,,ShipWi00
248,Davis Allen,LAR,TE,25,1,0,0,0,0,0,0,0,0,,0,1,1,13,13.00,0,0,0,0,,,1,2.3,2.3,1.8,,41,,AlleDa02
249,Stetson Bennett,LAR,QB,29,1,0,2,3,13,0,0,1,9,9.00,0,0,0,0,,0,0,0,0,,,1,1.4,1.4,1.4,,34,,BennSt00
250,Colby Parkinson,LAR,TE,27,1,1,0,0,0,0,0,0,0,,0,2,1,6,6.00,0,0,0,0,,,1,1.6,1.6,1.1,,55,,ParkCo02
251,Jordan Whittington,LAR,WR,26,1,0,0,0,0,0,0,0,0,,0,1,1,8,8.00,0,1,0,0,,,1,1.8,1.8,1.3,,96,,WhitJo04
252,Matthew Hibner,BAL,TE,24,1,0,0,0,0,0,0,0,0,,0,1,1,13,13.00,0,0,0,0,,,1,2.3,2.3,1.8,,42,,HibnMa00
253,Ja'Kobi Lane,BAL,WR,22,1,0,0,0,0,0,0,0,0,,0,3,1,11,11.00,0,0,0,0,,,1,2.1,2.1,1.6,,93,,LaneJa01
254,Keaton Mitchell,LAC,RB,24,1,0,0,0,0,0,0,4,9,2.25,0,0,0,0,,0,0,0,0,,,1,0.9,0.9,0.9,,66,,MitcKe01
255,AJ Barner,SEA,TE,24,1,1,0,0,0,0,0,0,0,,0,2,2,13,6.50,0,0,0,0,,,1,3.3,3.3,2.3,,43,,BarnAJ00
256,Sam Darnold,SEA,QB,29,1,1,1,2,13,0,0,0,0,,0,0,0,0,,0,0,0,0,,,1,0.5,0.5,0.5,,35,,DarnSa00
257,George Kittle,SFO,TE,33,1,1,0,0,0,0,0,0,0,,0,5,2,12,6.00,0,0,0,0,,,1,3.2,3.2,2.2,,46,,KittGe00
258,John Bates,WAS,TE,29,1,1,0,0,0,0,0,0,0,,0,3,2,13,6.50,0,0,0,0,,,1,3.3,3.3,2.3,,44,,BateJo00
259,Terry McLaurin,WAS,WR,31,1,1,0,0,0,0,0,0,0,,0,4,2,14,7.00,0,0,0,0,,,1,3.4,3.4,2.4,,87,,McLaTe00
260,Chris Blair,ATL,WR,29,1,0,0,0,0,0,0,0,0,,0,0,0,0,,0,0,0,0,,,,,,,,105,,BlaiCh00
261,Zachariah Branch,ATL,WR,22,1,0,0,0,0,0,0,0,0,,0,0,0,0,,0,0,0,0,,,,,,,,106,,BranZa00
262,Austin Hooper,ATL,TE,32,1,0,0,0,0,0,0,0,0,,0,0,0,0,,0,0,0,0,,,,,,,,61,,HoopAu00
263,Nick Muse,ATL,TE,28,1,0,0,0,0,0,0,0,0,,0,0,0,0,,0,0,0,0,,,,,,,,62,,MuseNi00
264,Kyle Pitts,ATL,TE,26,1,1,0,0,0,0,0,0,0,,0,1,0,0,,0,0,0,0,,,,,,,,63,,PittKy00
265,Charlie Woerner,ATL,TE,29,1,1,0,0,0,0,0,0,0,,0,0,0,0,,0,0,0,0,,,,,,,,64,,WoerCh00
266,Keon Coleman,BUF,WR,23,1,0,0,0,0,0,0,0,0,,0,1,1,1,1.00,0,0,0,0,,,,1.1,1.1,0.6,,104,,ColeKe02
267,Ray Davis,BUF,RB,27,1,0,0,0,0,0,0,1,3,3.00,0,0,0,0,,0,0,0,0,,,,0.3,0.3,0.3,,69,,DaviRa04
268,Greg Dortch,BUF,WR,28,1,0,0,0,0,0,0,0,0,,0,0,0,0,,0,0,0,0,,,,,,,,107,,DortGr01
269,Frank Gore Jr.,BUF,RB,24,1,0,0,0,0,0,0,1,3,3.00,0,0,0,0,,0,0,0,0,,,,0.3,0.3,0.3,,70,,GoreFr01
270,Jackson Hawes,BUF,TE,26,1,1,0,0,0,0,0,0,0,,0,0,0,0,,0,0,0,0,,,,,,,,65,,HaweJa00
271,Keleki Latu,BUF,TE,24,1,0,0,0,0,0,0,0,0,,0,0,0,0,,0,0,0,0,,,,,,,,66,,LatuKe00
272,Feleipe Franks,CAR,TE,29,1,0,0,0,0,0,0,0,0,,0,0,0,0,,0,0,0,0,,,,,,,,67,,FranFe00
273,Xavier Legette,CAR,WR,25,1,0,0,0,0,0,0,0,0,,0,2,0,0,,0,0,0,0,,,,,,,,108,,LegeXa00
274,Brycen Tremayne,CAR,WR,27,1,0,0,0,0,0,0,0,0,,0,0,0,0,,0,0,0,0,,,,,,,,109,,TremBr00
275,Kaden Davis,CHI,WR,28,1,0,0,0,0,0,0,0,0,,0,0,0,0,,0,0,0,0,,,,,,,,110,,DaviKa02
276,Roschon Johnson,CHI,RB,25,1,0,0,0,0,0,0,0,0,,0,0,0,0,,0,0,0,0,,,,,,,,76,,JohnRo07
277,Colston Loveland,CHI,TE,22,1,1,0,0,0,0,0,0,0,,0,2,0,0,,0,0,0,0,,,,,,,,68,,LoveCo00
278,Sam Roush,CHI,TE,23,1,0,0,0,0,0,0,0,0,,0,0,0,0,,0,0,0,0,,,,,,,,69,,RousSa00
279,Zavion Thomas,CHI,WR,22,1,0,0,0,0,0,0,0,0,,0,0,0,0,,0,0,0,0,,,,,,,,111,,ThomZa05
280,Erick All,CIN,TE,26,1,0,0,0,0,0,0,0,0,,0,0,0,0,,0,0,0,0,,,,,,,,70,,AllxEr00
281,Tahj Brooks,CIN,RB,24,1,0,0,0,0,0,0,0,0,,0,0,0,0,,0,0,0,0,,,,,,,,77,,BrooTa00
282,Joe Flacco,CIN,QB,41,1,0,0,0,0,0,0,0,0,,0,0,0,0,,0,0,0,0,,,,,,,,36,,FlacJo00
283,Tanner Hudson,CIN,TE,32,1,0,0,0,0,0,0,0,0,,0,1,1,4,4.00,0,0,0,0,,,,1.4,1.4,0.9,,58,,HudsTa00
284,Colbie Young,CIN,WR,24,1,0,0,0,0,0,0,0,0,,0,0,0,0,,0,0,0,0,,,,,,,,112,,YounCo01
285,Isaiah Bond,CLE,WR,22,1,0,0,0,0,0,0,0,0,,0,0,0,0,,0,0,0,0,,,,,,,,113,,BondIs00
286,Michael Burton,CLE,FB,34,1,1,0,0,0,0,0,0,0,,0,0,0,0,,0,0,0,0,,,,,,,,78,,BurtMi00
287,Malachi Corley,CLE,WR,24,1,0,0,0,0,0,0,0,0,,0,0,0,0,,0,0,0,0,,,,,,,,114,,CorlMa00
288,Carsen Ryan,CLE,TE,23,1,0,0,0,0,0,0,0,0,,0,0,0,0,,0,0,0,0,,,,,,,,71,,RyanCa00
289,Dylan Sampson,CLE,RB,22,1,0,0,0,0,0,0,0,0,,0,0,0,0,,0,0,0,0,,,,,,,,79,,SampDy00
290,Tylan Wallace,CLE,WR,27,1,0,0,0,0,0,0,0,0,,0,0,0,0,,0,0,0,0,,,,,,,,115,,WallTy00
291,Mo Alie-Cox,IND,TE,33,1,1,0,0,0,0,0,0,0,,0,0,0,0,,0,0,0,0,,,,,,,,72,,AlieMo00
292,Deion Burks,IND,WR,23,1,0,0,0,0,0,0,0,0,,0,0,0,0,,0,0,0,0,,,,,,,,116,,BurkDe02
293,Ashton Dulin,IND,WR,29,1,1,0,0,0,0,0,0,0,,0,1,0,0,,0,0,0,0,,,,,,,,117,,DuliAs00
294,Seth McGowan,IND,RB,25,1,0,0,0,0,0,0,0,0,,0,1,1,0,0.00,0,0,0,0,,,,1.0,1.0,0.5,,80,,McGoSe01
295,Andrew Ogletree,IND,TE,28,1,1,0,0,0,0,0,0,0,,0,1,0,0,,0,0,0,0,,,,,,,,73,,OgleAn00
296,Laquon Treadwell,IND,WR,31,1,0,0,0,0,0,0,0,0,,0,1,0,0,,0,0,0,0,,,,,,,,118,,TreaLa00
297,Jalen Brooks,ARI,WR,26,1,0,0,0,0,0,0,0,0,,0,0,0,0,,0,0,0,0,,,,,,,,119,,BrooJa03
298,Devin Duvernay,ARI,WR,29,1,0,0,0,0,0,0,0,0,,0,0,0,0,,0,0,0,0,,,,,,,,120,,DuveDe00
299,Simi Fehoko,ARI,WR,29,1,0,0,0,0,0,0,0,0,,0,0,0,0,,0,0,0,0,,,,,,,,121,,FehoSi00
300,Elijah Higgins,ARI,TE,26,1,0,0,0,0,0,0,0,0,,0,0,0,0,,0,0,0,0,,,,,,,,74,,HiggEl00
301,Zonovan Knight,ARI,RB,25,1,0,0,0,0,0,0,0,0,,0,0,0,0,,0,0,0,0,,,,,,,,81,,KnigZo00
302,Hunter Long,ARI,TE,28,1,0,0,0,0,0,0,0,0,,0,0,0,0,,0,0,0,0,,,,,,,,75,,LongHu00
303,Nate Adkins,DEN,TE,27,1,1,0,0,0,0,0,0,0,,0,0,0,0,,0,0,0,0,,,,,,,,76,,AdkiNa00
304,Jonah Coleman,DEN,RB,23,1,0,0,0,0,0,0,0,0,,0,0,0,0,,0,0,0,0,,,,,,,,82,,ColeJo00
305,Marvin Mims,DEN,WR,24,1,1,0,0,0,0,0,0,0,,0,0,0,0,,0,0,0,0,,,,,,,,122,,MimsMa00
306,Adam Prentice,DEN,FB,29,1,0,0,0,0,0,0,0,0,,0,0,0,0,,0,0,0,0,,,,,,,,83,,PrenAd00
307,Jaylen Waddle,DEN,WR,28,1,1,0,0,0,0,0,0,0,,0,3,1,2,2.00,0,0,0,0,,,,1.2,1.2,0.7,,103,,WaddJa00
308,Tyler Conklin,DET,TE,31,1,0,0,0,0,0,0,0,0,,0,0,0,0,,0,0,0,0,,,,,,,,77,,ConkTy00
309,Tom Kennedy,DET,WR,30,1,0,0,0,0,0,0,0,0,,0,0,0,0,,0,0,0,0,,,,,,,,123,,KennTo01
310,Tay Martin,DET,WR,29,1,0,0,0,0,0,0,0,0,,0,0,0,0,,0,0,0,0,,,,,,,,124,,MartTa00
311,Jackson Meeks,DET,WR,23,1,0,0,0,0,0,0,0,0,,0,0,0,0,,0,0,0,0,,,,,,,,125,,MeekJa00
312,Jacob Saylors,DET,RB,25,1,0,0,0,0,0,0,0,0,,0,0,0,0,,0,0,0,0,,,,,,,,84,,SaylJa00
313,Isaac TeSlaa,DET,WR,24,1,0,0,0,0,0,0,0,0,,0,1,0,0,,0,0,0,0,,,,,,,,126,,TeSlIs00
314,Kaleb Johnson,GNB,RB,23,1,0,0,0,0,0,0,0,0,,0,0,0,0,,0,0,0,0,,,,,,,,85,,JohnKa03
315,Skyy Moore,GNB,WR,26,1,0,0,0,0,0,0,0,0,,0,1,0,0,,0,0,0,0,,,,,,,,127,,MoorSk01
316,Mark Redman,GNB,TE,,1,0,0,0,0,0,0,0,0,,0,0,0,0,,0,0,0,0,,,,,,,,78,,RedmMa00
317,Josh Whyle,GNB,TE,27,1,0,0,0,0,0,0,0,0,,0,0,0,0,,0,0,0,0,,,,,,,,79,,WhylJo01
318,British Brooks,HOU,RB,27,1,0,0,0,0,0,0,0,0,,0,0,0,0,,0,0,0,0,,,,,,,,86,,BrooBr01
319,Cade Stover,HOU,TE,26,1,1,0,0,0,0,0,0,0,,0,1,1,-2,-2.00,0,0,0,0,,,,0.8,0.8,0.3,,107,,StovCa00
320,LeQuint Allen,JAX,RB,22,1,0,0,0,0,0,0,0,0,,0,0,0,0,,0,0,0,0,,,,,,,,87,,AlleLe01
321,Quintin Morris,JAX,TE,27,1,0,0,0,0,0,0,0,0,,0,1,0,0,,0,0,0,0,,,,,,,,80,,MorrQu00
322,Nick Mullens,JAX,QB,31,1,0,0,0,0,0,0,3,-3,-1.00,0,0,0,0,,0,0,0,0,,,,-0.3,-0.3,-0.3,,38,,MullNi00
323,CJ Williams,JAX,WR,,1,0,0,0,0,0,0,0,0,,0,0,0,0,,0,0,0,0,,,,,,,,128,,WillCJ00
324,Cyrus Allen,KAN,WR,23,1,0,0,0,0,0,0,0,0,,0,1,0,0,,0,0,0,0,,,,,,,,129,,AlleCy00
325,Justin Fields,KAN,QB,27,1,0,0,0,0,0,0,0,0,,0,0,0,0,,0,0,0,0,,,,,,,,37,,FielJu00
326,Nikko Remigio,KAN,WR,27,1,0,0,0,0,0,0,0,0,,0,0,0,0,,0,0,0,0,,,,,,,,130,,RemiNi00
327,Jalen Royals,KAN,WR,23,1,0,0,0,0,0,0,0,0,,0,0,0,0,,0,0,0,0,,,,,,,,131,,RoyaJa00
328,Brashard Smith,KAN,RB,23,1,0,0,0,0,0,0,0,0,,0,0,0,0,,0,0,0,0,,,,,,,,88,,SmitBr09
329,Tyquan Thornton,KAN,WR,26,1,1,0,0,0,0,0,0,0,,0,1,0,0,,0,0,0,0,,,,,,,,132,,ThorTy00
330,Ben VanSumeren,KAN,FB,26,1,0,0,0,0,0,0,0,0,,0,0,0,0,,0,0,0,0,,,,,,,,89,,VanSBe00
331,Kevin Coleman,MIA,WR,23,1,0,0,0,0,0,0,0,0,,0,2,0,0,,0,0,0,0,,,,,,,,133,,ColeKe03
332,Ollie Gordon,MIA,RB,22,1,0,0,0,0,0,0,0,0,,0,0,0,0,,0,0,0,0,,,,,,,,90,,GordOl00
333,DJ Herman,MIA,FB,24,1,0,0,0,0,0,0,0,0,,0,0,0,0,,0,0,0,0,,,,,,,,91,,HermDJ00
334,Will Kacmarek,MIA,TE,23,1,1,0,0,0,0,0,0,0,,0,1,0,0,,0,0,0,0,,,,,,,,81,,KacmWi00
335,Ryan Miller,MIA,WR,26,1,0,0,0,0,0,0,0,0,,0,0,0,0,,0,0,0,0,,,,,,,,134,,MillRy01
336,Seydou Traore,MIA,TE,24,1,0,0,0,0,0,0,0,0,,0,0,0,0,,0,0,0,0,,,,,,,,82,,TraoSe00
337,Jaylen Wright,MIA,RB,23,1,0,0,0,0,0,0,1,-1,-1.00,0,0,0,0,,0,0,0,0,,,,-0.1,-0.1,-0.1,,107,,WrigJa04
338,Jordan Addison,MIN,WR,24,1,1,0,0,0,0,0,0,0,,0,2,0,0,,0,0,0,0,,,,,,,,135,,AddiJo00
339,Gavin Bartholomew,MIN,TE,23,1,0,0,0,0,0,0,0,0,,0,0,0,0,,0,0,0,0,,,,,,,,83,,BartGa00
340,Max Bredeson,MIN,FB,24,1,1,0,0,0,0,0,0,0,,0,0,0,0,,0,0,0,0,,,,,,,,92,,BredMa00
341,DeeJay Dallas,MIN,RB,28,1,0,0,0,0,0,0,0,0,,0,1,1,1,1.00,0,0,0,0,,,,1.1,1.1,0.6,,74,,DallDe00
342,Tai Felton,MIN,WR,23,1,0,0,0,0,0,0,0,0,,0,0,0,0,,0,0,0,0,,,,,,,,136,,FeltTa00
343,Jauan Jennings,MIN,WR,29,1,0,0,0,0,0,0,0,0,,0,1,0,0,,0,0,0,0,,,,,,,,137,,JennJa00
344,Kyler Murray,MIN,QB,29,1,1,3,5,18,0,1,2,9,4.50,0,0,0,0,,0,0,0,0,,,,-0.4,0.6,0.6,,39,,MurrKy00
345,Myles Price,MIN,WR,25,1,0,0,0,0,0,0,0,0,,0,0,0,0,,0,0,0,0,,,,,,,,138,,PricMy00
346,Kevin Austin,NOR,WR,26,1,0,0,0,0,0,0,0,0,,0,0,0,0,,0,0,0,0,,,,,,,,139,,AustKe00
347,Barion Brown,NOR,WR,23,1,1,0,0,0,0,0,1,3,3.00,0,0,0,0,,0,0,0,0,,,,0.3,0.3,0.3,,102,,BrowBa02
348,CJ Donaldson,NOR,RB,,1,0,0,0,0,0,0,2,4,2.00,0,2,1,-2,-2.00,0,0,0,0,,,,1.2,1.2,0.7,,73,,DonaCJ00
349,Treyton Welch,NOR,TE,25,1,0,0,0,0,0,0,0,0,,0,0,0,0,,0,0,0,0,,,,,,,,84,,WelcTr00
350,Tanner Arkin,NWE,TE,23,1,0,0,0,0,0,0,0,0,,0,0,0,0,,0,0,0,0,,,,,,,,85,,ArkiTa00
351,Romeo Doubs,NWE,WR,26,1,0,0,0,0,0,0,0,0,,0,3,0,0,,0,0,0,0,,,,,,,,140,,DoubRo00
352,Reggie Gilliam,NWE,FB,29,1,1,0,0,0,0,0,0,0,,0,0,0,0,,0,0,0,0,,,,,,,,93,,GillRe00
353,Cameron Latu,NWE,TE,26,1,0,0,0,0,0,0,0,0,,0,0,0,0,,0,0,0,0,,,,,,,,86,,LatuCa01
354,Kyle Williams,NWE,WR,24,1,0,0,0,0,0,0,0,0,,0,0,0,0,,0,0,0,0,,,,,,,,141,,WillKy03
355,Odell Beckham Jr.,NYG,WR,34,1,0,0,0,0,0,0,0,0,,0,0,0,0,,0,0,0,0,,,,,,,,142,,BeckOd00
356,Braxton Berrios,NYG,WR,31,1,0,0,0,0,0,0,0,0,,0,0,0,0,,0,0,0,0,,,,,,,,143,,BerrBr00
357,Chris Manhertz,NYG,TE,34,1,0,0,0,0,0,0,0,0,,0,0,0,0,,0,0,0,0,,,,,,,,87,,ManhCh00
358,Patrick Ricard,NYG,FB,32,1,1,0,0,0,0,0,0,0,,0,1,0,0,,0,0,0,0,,,,,,,,94,,RicaPa00
359,Andrew Beck,NYJ,FB,30,1,0,0,0,0,0,0,0,0,,0,0,0,0,,0,0,0,0,,,,,,,,95,,BeckAn01
360,Isaiah Davis,NYJ,RB,24,1,0,0,0,0,0,0,0,0,,0,0,0,0,,0,0,0,0,,,,,,,,96,,DaviIs00
361,Jeremy Ruckert,NYJ,TE,26,1,0,0,0,0,0,0,0,0,,0,1,1,4,4.00,0,0,0,0,,,,1.4,1.4,0.9,,59,,RuckJe00
362,Arian Smith,NYJ,WR,25,1,0,0,0,0,0,0,0,0,,0,1,0,0,,0,0,0,0,,,,,,,,144,,SmitAr01
363,Mason Taylor,NYJ,TE,22,1,1,0,0,0,0,0,0,0,,0,3,2,-2,-1.00,0,0,0,0,,,,1.8,1.8,0.8,,108,,TaylMa02
364,Jelani Woods,NYJ,TE,28,1,0,0,0,0,0,0,0,0,,0,0,0,0,,0,0,0,0,,,,,,,,88,,WoodJe01
365,Julius Chestnut,TEN,RB,26,1,0,0,0,0,0,0,0,0,,0,0,0,0,,0,0,0,0,,,,,,,,97,,ChesJu00
366,Kylen Granson,TEN,TE,28,1,0,0,0,0,0,0,0,0,,0,0,0,0,,0,0,0,0,,,,,,,,89,,GranKy00
367,David Martin-Robinson,TEN,TE,27,1,0,0,0,0,0,0,0,0,,0,0,0,0,,0,0,0,0,,,,,,,,90,,MartDa01
368,Calvin Ridley,TEN,WR,32,1,1,0,0,0,0,0,0,0,,0,0,0,0,,0,0,0,0,,,,,,,,145,,RidlCa00
369,Tank Bigsby,PHI,RB,25,1,0,0,0,0,0,0,1,3,3.00,0,0,0,0,,0,0,0,0,,,,0.3,0.3,0.3,,71,,BigsTa00
370,Darius Cooper,PHI,WR,25,1,0,0,0,0,0,0,0,0,,0,0,0,0,,0,0,0,0,,,,,,,,146,,CoopDa01
371,Britain Covey,PHI,WR,29,1,0,0,0,0,0,0,0,0,,0,0,0,0,,0,0,0,0,,,,,,,,147,,CoveBr00
372,E.J. Jenkins,PHI,TE,28,1,0,0,0,0,0,0,0,0,,0,0,0,0,,0,0,0,0,,,,,,,,91,,JenkEJ00
373,Johnny Mundt,PHI,TE,32,1,1,0,0,0,0,0,0,0,,0,0,0,0,,0,0,0,0,,,,,,,,92,,MundJo00
374,Germie Bernard,PIT,WR,23,1,0,0,0,0,0,0,0,0,,0,0,0,0,,0,0,0,0,,,,,,,,148,,BernGe00
375,Eli Heidenreich,PIT,RB,23,1,0,0,0,0,0,0,0,0,,0,0,0,0,,0,0,0,0,,,,,,,,98,,HeidEl00
376,Riley Nowakowski,PIT,FB,24,1,0,0,0,0,0,0,0,0,,0,0,0,0,,0,0,0,0,,,,,,,,99,,NowaRi00
377,Ben Skowronek,PIT,WR,29,1,0,0,0,0,0,0,0,0,,0,0,0,0,,0,0,0,0,,,,,,,,149,,SkowBe00
378,Robert Tonyan,PIT,TE,32,1,0,0,0,0,0,0,0,0,,0,0,0,0,,0,0,0,0,,,,,,,,93,,TonyRo00
379,Kaden Wetjen,PIT,WR,24,1,0,0,0,0,0,0,0,0,,0,0,0,0,,0,0,0,0,,,,,,,,150,,WetjKa00
380,Malik Benson,LVR,WR,24,1,0,0,0,0,0,0,1,-8,-8.00,0,2,1,6,6.00,0,0,0,0,,,,0.8,0.8,0.3,,165,,BensMa00
381,Connor Heyward,LVR,FB,27,1,1,0,0,0,0,0,1,1,1.00,0,0,0,0,,0,0,0,0,,,,0.1,0.1,0.1,,75,,HeywCo00
382,Dylan Laube,LVR,RB,27,1,0,0,0,0,0,0,0,0,,0,0,0,0,,0,0,0,0,,,,,,,,100,,LaubDy00
383,Chris Myarick,LVR,TE,31,1,0,0,0,0,0,0,0,0,,0,0,0,0,,0,0,0,0,,,,,,,,94,,MyarCh00
384,Ian Thomas,LVR,TE,30,1,0,0,0,0,0,0,0,0,,0,0,0,0,,0,0,0,0,,,,,,,,95,,ThomIa00
385,Cody White,LVR,WR,28,1,0,0,0,0,0,0,0,0,,0,1,0,0,,0,0,0,0,,,,,,,,151,,WhitCo05
386,Dareke Young,LVR,WR,27,1,0,0,0,0,0,0,0,0,,0,0,0,0,,0,0,0,0,,,,,,,,152,,YounDa02
387,Terrance Ferguson,LAR,TE,23,1,1,0,0,0,0,0,0,0,,0,1,0,0,,0,0,0,0,,,,,,,,96,,FergTe00
388,Konata Mumpfield,LAR,WR,24,1,0,0,0,0,0,0,0,0,,0,1,0,0,,0,0,0,0,,,,,,,,153,,MumpKo00
389,Xavier Smith,LAR,WR,29,1,0,0,0,0,0,0,0,0,,0,0,0,0,,0,0,0,0,,,,,,,,154,,SmitXa00
390,Rasheen Ali,BAL,RB,25,1,0,0,0,0,0,0,0,0,,0,0,0,0,,0,0,0,0,,,,,,,,101,,AlixRa00
391,Rashod Bateman,BAL,WR,27,1,1,0,0,0,0,0,0,0,,0,1,0,0,,0,0,0,0,,,,,,,,155,,BateRa00
392,Josh Cuevas,BAL,TE,23,1,0,0,0,0,0,0,0,0,,0,0,0,0,,0,0,0,0,,,,,,,,97,,CuevJo00
393,Durham Smythe,BAL,TE,31,1,1,0,0,0,0,0,0,0,,0,1,1,4,4.00,0,0,0,0,,,,1.4,1.4,0.9,,60,,SmytDu00
394,Derius Davis,LAC,WR,26,1,0,0,0,0,0,0,0,0,,0,1,0,0,,0,0,0,0,,,,,,,,156,,DaviDe02
395,Alec Ingold,LAC,FB,30,1,1,0,0,0,0,0,0,0,,0,0,0,0,,0,0,0,0,,,,,,,,102,,IngoAl01
396,Charlie Kolar,LAC,TE,27,1,1,0,0,0,0,0,0,0,,0,0,0,0,,0,0,0,0,,,,,,,,98,,KolaCh00
397,KeAndre Lambert-Smith,LAC,WR,25,1,0,0,0,0,0,0,0,0,,0,0,0,0,,0,0,0,0,,,,,,,,157,,LambKe01
398,Brenen Thompson,LAC,WR,23,1,0,0,0,0,0,0,0,0,,0,0,0,0,,0,0,0,0,,,,,,,,158,,ThomBr07
399,Kimani Vidal,LAC,RB,25,1,0,0,0,0,0,0,0,0,,0,0,0,0,,0,0,0,0,,,,,,,,103,,VidaKi00
400,Elijah Arroyo,SEA,TE,23,1,0,0,0,0,0,0,0,0,,0,0,0,0,,0,0,0,0,,,,,,,,99,,ArroEl00
401,Montorie Foster,SEA,WR,25,1,0,0,0,0,0,0,0,0,,0,0,0,0,,0,0,0,0,,,,,,,,159,,FostMo00
402,Velus Jones Jr.,SEA,RB,29,1,0,0,0,0,0,0,0,0,,0,0,0,0,,0,0,0,0,,,,,,,,104,,JoneVe00
403,Eric Saubert,SEA,TE,32,1,0,0,0,0,0,0,0,0,,0,0,0,0,,0,0,0,0,,,,,,,,100,,SaubEr00
404,Rashid Shaheed,SEA,WR,28,1,0,0,0,0,0,0,0,0,,0,3,1,4,4.00,0,0,0,0,,,,1.4,1.4,0.9,,100,,ShahRa00
405,Emanuel Wilson,SEA,RB,27,1,0,0,0,0,0,0,2,3,1.50,0,0,0,0,,0,0,0,0,,,,0.3,0.3,0.3,,72,,WilsEm00
406,Jacob Cowing,SFO,WR,25,1,0,0,0,0,0,0,0,0,,0,0,0,0,,0,0,0,0,,,,,,,,160,,CowiJa00
407,KhaDarel Hodge,SFO,WR,31,1,0,0,0,0,0,0,0,0,,0,0,0,0,,0,0,0,0,,,,,,,,161,,HodgKh00
408,Kyle Juszczyk,SFO,FB,35,1,1,0,0,0,0,0,0,0,,0,0,0,0,,0,0,0,0,,,,,,,,105,,JuszKy00
409,De'Zhaun Stribling,SFO,WR,24,1,1,0,0,0,0,0,0,0,,0,0,0,0,,0,0,0,0,,,,,,,,162,,StriDe01
410,Jake Tonges,SFO,TE,27,1,0,0,0,0,0,0,0,0,,0,0,0,0,,0,0,0,0,,,,,,,,101,,TongJa00
411,Payne Durham,TAM,TE,26,1,0,0,0,0,0,0,0,0,,0,0,0,0,,0,0,0,0,,,,,,,,102,,DurhPa00
412,Kameron Johnson,TAM,WR,24,1,0,0,0,0,0,0,0,0,,0,0,0,0,,0,0,0,0,,,,,,,,163,,JohnKa01
413,Tez Johnson,TAM,WR,24,1,0,0,0,0,0,0,1,-4,-4.00,0,1,0,0,,0,0,0,0,,,,-0.4,-0.4,-0.4,,166,,JohnTe03
414,Ko Kieft,TAM,TE,28,1,0,0,0,0,0,0,0,0,,0,0,0,0,,0,0,0,0,,,,,,,,103,,KiefKo00
415,Bauer Sharp,TAM,TE,23,1,0,0,0,0,0,0,0,0,,0,0,0,0,,0,0,0,0,,,,,,,,104,,SharBa00
416,Josh Williams,TAM,RB,26,1,0,0,0,0,0,0,0,0,,0,0,0,0,,0,0,0,0,,,,,,,,106,,WillJo011
417,Dyami Brown,WAS,WR,27,1,0,0,0,0,0,0,0,0,,0,2,0,0,,0,0,0,0,,,,,,,,164,,BrowDy00
418,Jaylin Lane,WAS,WR,24,1,0,0,0,0,0,0,0,0,,0,1,1,4,4.00,0,0,0,0,,,,1.4,1.4,0.9,,101,,LaneJa00
419,Ben Sinnott,WAS,TE,24,1,0,0,0,0,0,0,0,0,,0,0,0,0,,0,0,0,0,,,,,,,,105,,SinnBe00
420,Colson Yankoff,WAS,TE,26,1,0,0,0,0,0,0,0,0,,0,0,0,0,,0,0,0,0,,,,,,,,106,,YankCo00
421,Tyrone Tracy Jr.,NYG,RB,27,1,0,0,0,0,0,0,2,14,7.00,0,0,0,0,,0,1,1,0,,,-1,-0.6,0.4,-0.6,,108,,TracTy00
422,Chimere Dike,TEN,WR,25,1,0,0,0,0,0,0,0,0,,0,1,1,7,7.00,0,1,1,0,,,-1,-0.3,0.7,-0.8,,168,,DikeCh00
423,Makai Lemon,PHI,WR,22,1,0,0,0,0,0,0,0,0,,0,4,3,-5,-1.67,0,0,0,0,,,-1,2.5,2.5,1.0,,167,,LemoMa00
424,Tyler Higbee,LAR,TE,33,1,0,0,0,0,0,0,0,0,,0,2,2,12,6.00,0,1,1,0,,,-1,1.2,2.2,0.2,,109,,HigbTy00
425,Jimmy Horn,CAR,WR,24,1,0,0,0,0,0,0,0,0,,0,1,0,0,,0,1,1,0,,,-2,-2.0,-1.0,-2.0,,169,,HornJi00
